"","atopid","polity","s_wt_glo","maxmajpow","consultatop","nagatop","neutatop","defenseatop","offenseatop","secrecy","conditio","intcom","base","contrib","ecaid","milaid","organ1","specthrt","macowe","maconc","maconp","nmacowe","nmaconc","nmaconp","nmaroir","condother","speclength","condlength","renounceok","renounceproh","renouncecond","milcontact","commondef","lallycount","lsumcap","ldistance","compel","prob","deter","deterministic","unconditional","s2un","s3un","s2uni","s3uni","ses2un","ses3un","ses2uni","ses3uni","PotMilCapacity.score","Depth.score","Scope.score","indx"
"phi_1_1",1040,0.5,1,0,0,0,0,1,1,0,1,1,3,1,0,0,0,1,1,1,1,0,0,0,0,0,0,1,0,0,0,0,0,0.693,-2.45,6.827,1,1,1,1,1,NA,NA,NA,NA,NA,NA,NA,NA,-0.958,1.537,2.738,1
"phi_2_1",1045,1.667,0.446,1,1,0,0,0,0,0,1,0,0,0,0,0,0,1,0,0,0,1,0,0,0,0,0,0,0,0,0,0,0,1.099,0.226,6.731,0,0,0,0,0,NA,NA,NA,NA,NA,NA,NA,NA,0.999,-0.491,-0.544,2
"phi_3_1",1050,0,0.868,1,0,0,0,1,0,1,1,1,0,1,0,0,0,1,1,0,0,0,0,0,0,0,0,0,0,0,0,1,0,0.693,-2.33,0,0,0,1,1,0,NA,NA,NA,NA,NA,NA,NA,NA,0.659,1.084,0.192,3
"phi_4_1",1055,3.5,0.899,1,0,0,0,0,1,0,1,0,0,0,0,0,0,1,1,1,0,0,0,0,0,1,0,0,0,0,0,0,0,0.693,-0.816,5.361,1,0,0,1,1,NA,NA,NA,NA,NA,NA,NA,NA,0.81,-0.484,2.687,4
"phi_5_1",1060,2.5,0.419,1,0,0,0,1,0,0,1,0,0,0,0,0,0,1,0.5,0,0,0,0,0,0,0,0,0,0,0,0,0,0,0.693,-1.732,0,1,1,1,1,1,NA,NA,NA,NA,NA,NA,NA,NA,0.791,-0.51,1.453,5
"phi_6_1",1065,0,0.891,1,1,0,0,0,1,1,1,0,0,0,0,0,0,1,1,0,0,1,0,0,0,0,0,0,0,0,0,0,0,1.099,-0.547,0,1,0,1,1,1,NA,NA,NA,NA,NA,NA,NA,NA,0.828,-0.565,2.249,6
"phi_7_1",1070,0,0.84,0,0,0,0,0,1,0,1,0,0,1,0,0,0,1,1,1,0,0,0,0,0,1,1,0,0,0,0,0,0,0.693,-3.289,6.096,0,0,1,1,1,NA,NA,NA,NA,NA,NA,NA,NA,-1.021,0.024,2.164,7
"phi_8_1",1075,0,0.744,1,1,0,0,1,0,1,0,0,0,1,0,0,0,0,0,0,0,0,0,0,0,0,1,0,0,0,0,0,0,0.693,-1.558,0,0,1,1,0,0,NA,NA,NA,NA,NA,NA,NA,NA,0.762,-0.066,-0.448,8
"phi_9_1",1080,0,0.836,1,1,0,0,0,0,0,1,0,0,0,0,0,0,1,0,0,0,1,0,0,0,0,0,0,0,0,0,0,0,0.693,-1.427,0,0,0,0,0,0,NA,NA,NA,NA,NA,NA,NA,NA,0.749,-0.482,-0.566,9
"phi_10_1",1085,0,0.836,1,1,0,0,1,1,0,1,0,0,0,0,0,0,1,1,0,0,1,0,0,0,0,0,0,0,0,0,0,0,0.693,-1.427,0,0,0,1,1,0,NA,NA,NA,NA,NA,NA,NA,NA,0.754,-0.48,0.986,10
"phi_11_1",1090,0,0.864,1,1,0,0,1,1,0,1,0,0,0,0,0,0,1,1,0,0,1,0,0,0,1,0,0,0,0,0,0,0,0.693,-1.577,0,0,1,1,0,0,NA,NA,NA,NA,NA,NA,NA,NA,0.72,-0.491,0.818,11
"phi_12_1",1095,0,0.891,1,0,0,0,1,0,1,1,0,0,0,0,0,0,0,0,0,0,0,0,0,0,1,0,0,0,0,0,0,0,1.099,-0.547,0,0,1,1,0,0,NA,NA,NA,NA,NA,NA,NA,NA,0.84,-0.531,-0.27,12
"phi_13_1",1100,2.25,0.995,1,1,0,0,1,0,0,1,0,0,1,0,0,0,1,0.625,0,0,1,0,0,0,0,0,0,0,0,0,0,0,0.693,0.368,6.179,1,0,0,1,1,NA,NA,NA,NA,NA,NA,NA,NA,0.924,0.041,1.413,13
"phi_14_1",1110,1.2,0.947,1,0,0,0,1,1,0,1,0,0,0,0,0,0,1,1,1,0,0,0,0,0,1,0,0,0,0,0,0,0,1.609,0.916,6.319,1,0,1,1,1,NA,NA,NA,NA,NA,NA,NA,NA,1.026,-0.494,2.837,14
"phi_15_1",1115,3,0.139,1,1,0,0,0,0,0,1,0,0,0,0,0,0,1,0,0,0,1,0,0,0,0,0,0,0,0,0,0,0,0.693,-0.808,7.06,0,0,0,0,0,NA,NA,NA,NA,NA,NA,NA,NA,0.918,-0.511,-0.549,15
"phi_16_1",1120,3,0.997,1,0,0,0,1,0,0,1,0,0,1,0,0,0,1,0.75,0,0,0,0,0,0,0,0,0,0,0,0,0,0,1.386,0.367,6.179,1,0,0,1,1,NA,NA,NA,NA,NA,NA,NA,NA,0.946,0.033,1.517,16
"phi_17_1",1125,0,0.565,1,0,0,0,1,0,0,1,0,3,1,0,0,0,0,0.5,0,0,0,0,0,0,0,0,0,0,0,0,0,0,0.693,-2.63,0,0,0,1,1,0,NA,NA,NA,NA,NA,NA,NA,NA,0.651,0.906,0.04,17
"phi_18_1",1135,0,1,1,1,0,0,1,0,0,1,0,0,0,0,0,3,1,0,0,0,0,0,0,0,1,1,0,0,0,0,0,0,1.099,-2.186,4.19,0,0,1,1,1,NA,NA,NA,NA,NA,NA,NA,NA,0.661,-0.014,0.748,18
"phi_20_1",1145,0.5,0.751,1,0,0,0,1,1,0,0,0,0,1,0,0,0,0,0,0,0,0,0,0,0,0,0,0,0,0,0,0,0,0.693,-1.954,0,1,0,1,1,1,NA,NA,NA,NA,NA,NA,NA,NA,0.713,0.011,2.173,19
"phi_21_1",1160,2,0.988,1,1,0,0,1,0,0,1,0,3,0,0,0,0,1,0.75,0,0,1,0,0,0,0,0,0,0,0,0,0,0,1.386,0.015,7.088,0,1,1,0,0,NA,NA,NA,NA,NA,NA,NA,NA,0.924,0.413,-0.23,20
"phi_22_1",1165,3,0.982,1,1,0,0,0,1,0,1,0,0,0,0,0,0,1,1,0,0,1,0,0,0,0,0,1,0,0,0,0,0,1.099,-0.773,5.361,1,0,0,1,1,NA,NA,NA,NA,NA,NA,NA,NA,0.822,-0.49,2.246,21
"phi_23_1",1170,0.5,0.007,1,0,0,0,1,1,0,1,0,0,1,0,0,0,1,0,0,0,0,0,0,0,1,0,0,0,0,0,0,0,0.693,-2.051,0,1,0,1,1,1,NA,NA,NA,NA,NA,NA,NA,NA,0.802,0.013,2.28,22
"phi_24_1",1175,0.5,0.859,1,0,0,0,1,0,0,1,0,3,0,0,0,0,1,0.5,0.5,0,0,0,0,0,0,0,1,0,0,0,0,0,0.693,-2.07,0,1,0,1,1,1,NA,NA,NA,NA,NA,NA,NA,NA,0.687,0.4,1.581,23
"phi_25_1",1180,2.333,0.894,1,1,0,0,1,1,0,1,0,0,1,0,0,2,1,1,0,0,1,0,0,0,0,0,0,0,0,0,0,0,1.099,0.08,6.293,0,0,1,1,1,NA,NA,NA,NA,NA,NA,NA,NA,0.931,0.332,1.817,24
"phi_26_1",1185,0.5,0.859,1,1,0,0,0,0,0,1,0,0,0,0,0,0,1,0,0,0,1,0,0,0,0,0,0,0,0,0,0,0,0.693,-1.581,6.466,0,0,0,0,0,NA,NA,NA,NA,NA,NA,NA,NA,0.757,-0.452,-0.55,25
"phi_27_1",1190,2.333,0.845,1,1,0,0,1,0,0,1,0,0,0,0,0,0,1,0.667,0,0,1,0,0,0,0,0,0,0,0,0,0,0,1.099,-0.092,6.535,0,0,1,1,0,NA,NA,NA,NA,NA,NA,NA,NA,0.917,-0.482,0.024,26
"phi_28_1",1195,2.333,0.864,1,1,0,0,0,1,0,1,0,0,0,0,0,0,1,1,0,0,1,0,0,0,0,0,0,0,0,0,0,0,1.099,-0.001,6.293,0,0,1,1,0,NA,NA,NA,NA,NA,NA,NA,NA,0.926,-0.496,0.864,27
"phi_29_1",1200,0.5,0.998,0,0,0,1,0,0,0,0,0,0,0,0,0,0,0,0,0,0,0,0,0,0,0,1,0,0,0,0,0,0,0.693,-5.804,0,0,0,0,0,0,NA,NA,NA,NA,NA,NA,NA,NA,-1.327,-0.48,-0.543,28
"phi_30_1",1205,1,0.999,0,0,0,1,1,0,0,0,0,0,0,0,0,0,0,0,0,0,0,0,0,0,0,0,0,0,0,0,0,0,1.099,-4.477,0,0,0,1,1,1,NA,NA,NA,NA,NA,NA,NA,NA,-1.173,-0.471,0.706,29
"phi_31_1",1210,0,0.112,1,0,0,0,1,1,1,1,0,0,1,0,2,2,1,1,0,0,0,0,0,0,0,0,0,0,0,0,0,0,0.693,-1.874,0,0,0,1,1,0,NA,NA,NA,NA,NA,NA,NA,NA,0.785,1.074,1.054,30
"phi_32_1",1215,0,0.068,1,1,0,1,0,0,1,1,0,0,0,0,0,0,1,0,0,0,1,0,0,0,0,0,0,0,0,0,0,0,0.693,-1.367,7.036,0,0,0,0,0,NA,NA,NA,NA,NA,NA,NA,NA,0.881,-0.568,-0.627,31
"phi_33_1",1220,1,1,0,0,0,1,1,0,0,0,0,0,1,0,0,2,0,0,0,0,0,0,0,0,0,0,0,0,0,0,0,0,0.693,-5.604,0,0,0,1,1,0,NA,NA,NA,NA,NA,NA,NA,NA,-1.296,0.348,-0.122,32
"phi_34_1",1225,3.5,0.941,1,0,0,0,0,1,0,1,0,0,0,0,0,0,1,1,1,0,0,0,0,0,0,0,0,0,0,0,0,0,1.099,-0.259,5.81,1,0,0,1,1,NA,NA,NA,NA,NA,NA,NA,NA,0.877,-0.509,2.613,33
"phi_36_1",1230,0,0.887,1,0,0,0,0,1,1,1,0,0,0,0,0,0,1,1,0,0,0,0,0,0,0,0,1,0,0,0,1,0,0.693,-2.046,0,1,0,0,1,1,NA,NA,NA,NA,NA,NA,NA,NA,0.66,-0.054,2.325,34
"phi_37_1",1235,1,1,0,0,1,0,1,0,0,0,0,0,0,0,0,0,0,0,0,0,0,0,0,0,0,0,0,1,0,0,0,0,0.693,-6.483,0,0,0,1,1,0,NA,NA,NA,NA,NA,NA,NA,NA,-1.386,-0.486,-0.092,35
"phi_38_1",1240,1,1,0,0,1,0,1,0,0,0,0,0,0,1,0,0,0,0,0,0,0,0,0,0,0,0,0,0,0,0,0,0,0.693,-6.898,0,0,0,1,1,1,NA,NA,NA,NA,NA,NA,NA,NA,-1.438,-0.359,0.762,36
"phi_39_1",1245,0.5,0.359,1,1,0,0,0,1,0,1,1,0,0,0,0,0,1,1,1,0,1,0,0,0,0,0,0,0,0,0,0,0,0.693,-2.339,0,1,0,0,1,1,NA,NA,NA,NA,NA,NA,NA,NA,0.726,0.129,2.548,37
"phi_40_1",1255,1,1,0,1,0,0,1,1,0,1,1,0,0,0,1,0,1,1,0,0,1,0,0,0,0,0,0,0,0,0,0,0,1.099,-4.617,0,1,0,1,1,1,NA,NA,NA,NA,NA,NA,NA,NA,-1.193,0.568,2.399,38
"phi_41_1",1260,2,0.999,0,0,0,0,1,1,0,1,0,0,1,0,0,0,1,1,0,0,0,0,0,0,0,0,0,0,0,0,0,0,1.386,-5.826,7.336,0,0,1,1,1,NA,NA,NA,NA,NA,NA,NA,NA,-1.268,0.016,1.894,39
"phi_42_1",1265,0.5,0.715,1,0,0,0,0,1,1,1,0,0,0,0,0,0,1,1,1,0,0,0,0,0,0,1,0,0,0,0,0,0,0.693,-2.155,6.358,1,0,0,1,1,NA,NA,NA,NA,NA,NA,NA,NA,0.706,-0.569,2.622,40
"phi_43_1",1270,0.5,0.773,1,1,0,1,0,0,1,1,0,0,0,0,0,0,1,0,0,0,1,0,0,0,0,0,0,0,0,0,0,0,0.693,-1.792,6.466,0,0,0,0,0,NA,NA,NA,NA,NA,NA,NA,NA,0.738,-0.545,-0.615,41
"phi_44_1",1275,0,0.906,1,0,0,0,1,1,1,0,0,0,0,0,0,0,0,0,0,0,0,0,0,0,0,0,0,0,0,0,0,0,0.693,-2.701,0,0,0,1,1,1,NA,NA,NA,NA,NA,NA,NA,NA,0.617,-0.533,1.633,42
"phi_45_1",1280,0,0.906,1,0,0,0,1,1,1,0,0,0,0,0,0,0,0,0,0,0,0,0,0,0,0,0,0,0,0,0,0,0,0.693,-2.621,0,0,0,1,1,1,NA,NA,NA,NA,NA,NA,NA,NA,0.604,-0.563,1.645,43
"phi_46_1",1285,1,0.906,1,0,0,0,1,1,1,0,0,0,0,0,0,0,0,0,0,0,0,0,0,0,0,0,0,0,0,0,0,0,0.693,-2.696,0,1,0,1,1,1,NA,NA,NA,NA,NA,NA,NA,NA,0.614,-0.51,2.174,44
"phi_47_1",1287,0,0.906,1,0,0,0,1,1,0,0,1,0,0,0,0,3,0,0,0,0,0,0,0,0,0,0,1,0,0,0,1,0,0.693,-2.713,0,1,0,1,1,1,NA,NA,NA,NA,NA,NA,NA,NA,0.62,1.091,2.178,45
"phi_49_1",1295,6,0.648,1,0,0,1,0,1,0,1,0,0,0,0,0,0,1,1,1,0,0.5,0,0,0,0,0,1,0,0,0,0,0,0.693,-1.056,6.361,0,0,1,1,0,NA,NA,NA,NA,NA,NA,NA,NA,0.826,-0.508,1.183,46
"phi_50_1",1300,6,0.745,1,0,0,1,0,1,0,1,0,0,0,0,0,0,1,1,1,0,0.5,0,0,0,0,0,1,0,0,0,0,0,0.693,-0.997,5.361,0,0,1,1,0,NA,NA,NA,NA,NA,NA,NA,NA,0.814,-0.48,1.205,47
"phi_51_1",1305,1,1,0,0,0,0,1,0,1,0,0,0,0,0,0,0,0,0,0,0,0,0,0,0,0,0,0,1,0,0,0,0,0.693,-6.352,0,0,0,1,1,0,NA,NA,NA,NA,NA,NA,NA,NA,-1.36,-0.561,-0.085,48
"phi_52_1",1310,0,0.753,1,0,0,0,1,0,1,1,0,0,1,0,0,0,0,1,0,0,0,0,0,0,0,0,0,1,0,0,0,0,0.693,-1.631,0,0,0,1,1,0,NA,NA,NA,NA,NA,NA,NA,NA,0.74,-0.049,0.186,49
"phi_53_1",1315,0.333,0.369,1,1,0,0,0,0,0,0,0,0,0,0,0,0,0,0,0,0,0,0,0,0,0,0,0,1,0,0,0,0,1.099,-0.72,0,0,0,0,0,0,NA,NA,NA,NA,NA,NA,NA,NA,0.905,-0.49,-0.607,50
"phi_54_1",1325,0.5,0.263,1,0,0,1,0,0,1,1,0,0,0,0,0,0,1,0,0,0,0.5,0.5,0,0,0,0,0,0,0,0,0,0,0.693,-1.751,0,0,0,0,0,0,NA,NA,NA,NA,NA,NA,NA,NA,0.804,-0.538,-0.54,51
"phi_55_1",1330,3,0.984,1,0,0,0,1,0,0,1,0,3,0,0,0,0,1,0.5,0,0,0,0,0,0,0,0,1,0,0,0,0,0,0.693,-1.367,7.475,1,0,1,1,1,NA,NA,NA,NA,NA,NA,NA,NA,0.766,0.409,1.425,52
"phi_56_1",1335,1,1,1,0,0,1,1,0,1,1,0,0,0,0,0,0,1,1,0,0,1,0,0,0,0,1,0,0,0,0,0,0,0.693,-1.87,0,0,0,1,1,0,NA,NA,NA,NA,NA,NA,NA,NA,0.687,-0.56,0.168,53
"phi_57_1",1340,0.667,0.893,1,1,0,1,0,0,0,1,0,0,0,0,0,0,1,0,0,0,1,0,0,0,1,1,0,0,0,0,0,0,1.099,-0.687,0,0,0,0,0,0,NA,NA,NA,NA,NA,NA,NA,NA,0.836,-0.522,-0.512,54
"phi_58_1",1345,1,0.642,1,1,0,1,0,0,0,0,0,0,0,0,0,0,0,0,0,0,0,0,0,0,0,1,0,0,0,0,0,0,0.693,-3.112,0,0,0,0,0,0,NA,NA,NA,NA,NA,NA,NA,NA,0.6,-0.476,-0.629,55
"phi_59_1",1350,1,0.916,1,1,0,1,1,0,1,1,0,0,0,0,0,0,1,1,0,1,1,0,0,0,0,1,0,0,0,0,0.25,0,1.099,-0.996,5.505,0,1,1,0,0,NA,NA,NA,NA,NA,NA,NA,NA,0.801,-0.439,-0.176,56
"phi_60_1",1355,0.667,0.877,1,1,0,0,1,0,1,1,0,0,0,0,0,0,0,0.25,0,0.75,0.5,0,0,0,0,1,0,0,0,0,0,0,1.386,-1.129,5.597,0,1,1,0,0,NA,NA,NA,NA,NA,NA,NA,NA,0.802,-0.568,-0.354,57
"phi_61_1",1360,3,0.495,1,1,0,0,0,0,0,1,0,0,0,0,0,0,1,0,0,0,1,0,0,0,0,0,0,0,0,0,0,0,1.099,-0.574,6.316,0,0,0,0,0,NA,NA,NA,NA,NA,NA,NA,NA,0.906,-0.519,-0.572,58
"phi_62_1",1365,2.25,0.67,1,1,1,0,0,0,1,1,0,0,0,0,0,0,1,0,0,0,1,0,0,0,0,1,0,0,0,0,0,0,1.386,-0.362,6.47,0,0,0,0,0,NA,NA,NA,NA,NA,NA,NA,NA,0.904,-0.545,-0.555,59
"phi_63_1",1370,0.5,0.752,1,1,0,1,0,0,1,1,0,0,0,0,0,0,1,0,0,0,1,0,0,0,1,1,0,0,0,0,0,0,0.693,-1.535,0,0,0,0,0,0,NA,NA,NA,NA,NA,NA,NA,NA,0.748,-0.566,-0.512,60
"phi_64_1",1375,3,0.495,1,1,0,0,0,1,1,1,0,0,0,0,0,0,1,1,1,0,1,0,0,0,0,0,0,0,0,0,0,0,1.099,-0.574,6.316,0,0,1,1,1,NA,NA,NA,NA,NA,NA,NA,NA,0.898,-0.555,1.974,61
"phi_65_1",1380,3.5,0.751,1,1,0,0,0,0,1,0,0,0,0,0,0,0,1,0,0,0,0,0,0,0,0,0,0,0,0,0,0,0,0.693,-1.624,7.036,0,0,0,0,0,NA,NA,NA,NA,NA,NA,NA,NA,0.767,-0.555,-0.56,62
"phi_66_1",1385,3.5,1,1,0,0,0,1,0,1,1,0,0,1,0,0,0,1,1,0,0,0,0,0,0,0,0,1,0,0,0,1,0,0.693,-1.635,7.036,0,0,1,1,0,NA,NA,NA,NA,NA,NA,NA,NA,0.711,0.421,0.191,63
"phi_67_1",1390,5,1,0,0,0,0,1,1,0,1,0,3,0,0,0,0,1,1,0,0,0,0,0,0,0,0,1,0,0,0,0,0,0.693,-3.465,6.579,1,0,1,1,1,NA,NA,NA,NA,NA,NA,NA,NA,-1.062,0.406,2.457,64
"phi_68_1",1395,0.5,0.823,1,0,0,0,1,1,1,1,0,3,0,0,0,0,1,1,0,0,0,0,0,0,0,1,0,0,0,0,0,0,0.693,-1.456,0,0,0,1,1,0,NA,NA,NA,NA,NA,NA,NA,NA,0.754,0.349,1.082,65
"phi_69_1",1400,4.5,0.994,1,0,1,0,1,0,1,0,0,0,0,0,0,0,1,0,0,0,0,0,0,0,0,0,0,0,0,0,0,0,0.693,-1.756,6.895,0,0,1,1,1,NA,NA,NA,NA,NA,NA,NA,NA,0.714,-0.543,0.76,66
"phi_70_1",1410,2,1,1,1,0,0,0,0,1,1,0,0,0,0,0,0,1,0,0,0,1,0,0,0,0,0,0,0,0,0,0,0,0.693,-2.661,0,0,0,0,0,0,NA,NA,NA,NA,NA,NA,NA,NA,0.61,-0.52,-0.563,67
"phi_71_1",1415,6.5,0.985,1,1,0,1,1,1,0,1,0,0,0,0,0,0,1,1,0,0.5,1,0,0,0,0,1,0,0,0,0,0.5,0,0.693,-1.661,8.691,0,0,1,1,1,NA,NA,NA,NA,NA,NA,NA,NA,0.821,-0.261,1.779,68
"phi_72_1",1420,5.5,0.538,1,0,0,1,0,0,1,1,0,0,0,0,0,0,0,0,0,0,0,0,0,0,1,0,0,0,0,0,0,0,0.693,-2.301,0,0,0,0,0,0,NA,NA,NA,NA,NA,NA,NA,NA,0.706,-0.536,-0.464,69
"phi_73_1",1430,7,0.836,1,1,0,0,0,0,1,1,0,0,0,0,0,0,1,0,0,0,1,0,0,0,0,0,0,0,0,0,0,0,0.693,-2.473,0,0,0,0,0,0,NA,NA,NA,NA,NA,NA,NA,NA,0.659,-0.548,-0.554,70
"phi_74_1",1435,0.5,0.437,1,0,0,1,0,0,1,1,0,0,0,0,0,0,0,0,0,0,1,0,1,0,1,0,1,0,0,0,0,0,0.693,-1.862,0,0,0,0,0,0,NA,NA,NA,NA,NA,NA,NA,NA,0.765,-0.561,-0.452,71
"phi_75_1",1440,4,0.796,1,0,0,0,1,0,1,1,0,0,1,0,0,0,0,1,0,0,0,0,0,0,1,0,0,1,0,0,0,0,0.693,-1.251,0,0,0,1,1,0,NA,NA,NA,NA,NA,NA,NA,NA,0.768,-0.049,0.259,72
"phi_76_1",1445,7.333,0.715,1,1,0,0,0,0,0,1,0,0,0,0,0,0,1,0,0,0,1,0,0,0,0,0,0,0,0,0,0,0,1.099,-0.883,5.81,0,0,0,0,0,NA,NA,NA,NA,NA,NA,NA,NA,0.849,-0.448,-0.554,73
"phi_77_1",1450,0.333,1,0,0,1,1,0,0,0,1,0,0,0,1,0,3,1,0,0,0,0.2,0,0,0,0,1,0,0,0,0,0,0,1.609,-5.592,4.545,0,0,0,0,0,NA,NA,NA,NA,NA,NA,NA,NA,-1.268,0.109,-0.546,74
"phi_78_1",1455,7.5,0.393,1,1,0,0,0,0,0,1,0,0,0,0,0,0,1,0,0,0,1,0,0,0,0,0,0,0,0,0,0,0,0.693,-1.428,8.544,0,0,0,0,0,NA,NA,NA,NA,NA,NA,NA,NA,0.893,-0.479,-0.539,75
"phi_79_1",1460,2,0.413,1,1,0,0,0,0,1,1,0,0,0,0,0,0,1,0,0,0,1,0,0,0,0,0,0,0,0,0,0,0,0.693,-1.905,6.864,0,0,0,0,0,NA,NA,NA,NA,NA,NA,NA,NA,0.775,-0.545,-0.57,76
"phi_80_1",1465,3,0.285,1,1,0,0,0,0,1,1,0,0,0,0,0,0,1,0,0,0,1,0,0,0,0,0,0,0,0,0,0,0,0.693,-1.875,8.44,0,0,0,0,0,NA,NA,NA,NA,NA,NA,NA,NA,0.848,-0.521,-0.554,77
"phi_81_1",1467,2.5,0.998,0,0,1,1,0,0,0,0,0,0,0,1,0,0,0,0,0,0,0,0,0,0,0,0,0,0,0,0,0,0,0.693,-7.012,7.193,0,0,0,0,0,NA,NA,NA,NA,NA,NA,NA,NA,-1.417,-0.372,-0.53,78
"phi_82_1",1470,2.5,0.996,0,1,0,1,1,1,1,1,0,0,1,0,0,0,1,1,0,0,1,0,0,0,1,1,0,0,0,0,0,0,0.693,-5.312,0,0,0,1,1,1,NA,NA,NA,NA,NA,NA,NA,NA,-1.272,-0.053,1.858,79
"phi_83_1",1475,5,0.996,0,0,0,1,1,0,1,1,0,0,0,0,0,0,1,1,0.5,1,0.75,0,0,0,0,1,0,0,0,0,0,0,0.693,-5.31,5.79,0,1,1,0,0,NA,NA,NA,NA,NA,NA,NA,NA,-1.254,-0.539,0.062,80
"phi_84_1",1485,8,0.583,1,1,0,0,0,0,0,0,0,0,0,0,0,0,0,0,0,0,0,0,0,0,0,0,0,0,0,0,0,0,0.693,-1.665,5.361,0,0,0,0,0,NA,NA,NA,NA,NA,NA,NA,NA,0.771,-0.488,-0.563,81
"phi_85_1",1490,7.5,1,0,1,0,1,1,1,1,1,0,0,1,1,0,0,1,1,1,1,1,0,0,0,0,1,0,0,0,0,1,0,0.693,-4.698,0,0,1,1,1,1,NA,NA,NA,NA,NA,NA,NA,NA,-1.198,0.525,2.091,82
"phi_86_1",2005,4,0.776,1,0,0,0,1,1,1,1,0,0,0,0,0,0,1,1,0,0,0,0,0,0,0,1,0,0,0,0,0,0,0.693,-1.77,7.146,0,0,1,1,0,NA,NA,NA,NA,NA,NA,NA,NA,0.736,-0.571,1.071,83
"phi_87_1",2010,1.5,0.502,0,1,0,1,1,0,1,1,0,0,0,0,0,0,1,1,0,0,1,0,0,0,0,0,1,0,0,0,0,0,0.693,-4.232,0,0,0,1,1,0,NA,NA,NA,NA,NA,NA,NA,NA,-1.081,-0.554,0.051,84
"phi_88_1",2012,0.5,0.557,1,0,0,0,1,0,1,1,0,0,0,0,0,0,0,0.5,0,1,0,0,0,0,0.5,1,0,0,0,0,0,0,0.693,-2.65,6.236,0,1,1,0,0,NA,NA,NA,NA,NA,NA,NA,NA,0.674,-0.553,-0.142,85
"phi_89_1",2013,2.5,0.578,1,0,0,0,1,0,1,1,0,0,0,0,0,0,0,0.5,0,1,0,0,0,0,0.5,1,0,0,0,0,0,0,0.693,-1.829,6.712,0,1,1,0,0,NA,NA,NA,NA,NA,NA,NA,NA,0.755,-0.549,-0.151,86
"phi_90_1",2015,5.667,0.586,1,1,0,0,0,0,0,1,0,0,0,0,0,0,1,0,0,0,1,0,0,0,0,0,1,0,0,0,0,0,1.609,-0.435,6.731,0,0,0,0,0,NA,NA,NA,NA,NA,NA,NA,NA,0.922,-0.493,-0.572,87
"phi_91_1",2020,1,0.356,1,0,0,1,1,0,1,1,0,0,0,0,0,2,0,0,0,0,0,0,0,0,0.5,0,0,0,0,0,0,0,0.693,-2.15,0,0,0,1,1,0,NA,NA,NA,NA,NA,NA,NA,NA,0.737,-0.228,-0.091,88
"phi_92_1",2025,5,0.883,1,1,0,0,1,1,1,1,0,0,0,0,2,0,1,1,0,0,1,0,0,0,0,0,1,0,0,0,0,0,1.386,1.271,6.59,1,0,0,1,1,NA,NA,NA,NA,NA,NA,NA,NA,1.059,0.225,2.396,89
"phi_93_1",2030,2,0.969,1,0,0,0,1,1,0,1,0,0,1,0,4,0,1,1,0,0,0,0,0,0,0,0,0,0,0,0,0,0,1.099,0.204,6.097,1,0,1,1,1,NA,NA,NA,NA,NA,NA,NA,NA,0.927,1.631,2.48,90
"phi_94_1",2035,3,0.765,1,1,0,0,1,0,0,1,0,0,0,0,0,0,1,1,0,0,1,0,0,0,1,1,0,0,0,0,0,0,0.693,-1.146,8.44,0,1,1,0,0,NA,NA,NA,NA,NA,NA,NA,NA,0.854,-0.482,-0.063,91
"phi_95_1",2040,4.556,0.88,1,0,0,0,1,1,1,1,0,3,1,0,3,0,1,1,0,0,0,0,0,0,0.8,0,0,0,0,0,0,0,1.609,1.175,6.626,1,0,1,1,1,NA,NA,NA,NA,NA,NA,NA,NA,1.06,2.068,2.542,92
"phi_96_1",2045,3,0.482,1,1,0,0,1,1,1,1,0,0,0,0,3,0,1,1,0,0,1,0,0,0,0,0,1,0,0,0,0,0,0.693,-2.159,7.175,1,0,1,1,1,NA,NA,NA,NA,NA,NA,NA,NA,0.747,0.655,2.385,93
"phi_97_1",2050,5.667,0.995,0,1,0,0,1,0,0,1,0,0,0,0,0,0,1,1,0,1,0,0,0,0,0,1,0,0,0,0,0,0,0.693,-3.362,6.131,0,1,1,0,0,NA,NA,NA,NA,NA,NA,NA,NA,-1.06,-0.49,-0.137,94
"phi_98_1",2055,9,0.83,1,0,0,0,1,0,0,1,1,1,1,0,3,0,1,1,0,0,0,0,0,0,0,0,0,0,0,0,1,0,0.693,-2.04,0,0,0,1,1,0,NA,NA,NA,NA,NA,NA,NA,NA,0.685,2.636,0.195,95
"phi_99_1",2060,8.5,0.666,1,1,0,0,1,0,1,1,0,0,1,1,3,0,1,1,0,1,0,0,0,0,0,0,0,0,0,0,1,0,0.693,-2.642,6.746,0,1,1,1,0,NA,NA,NA,NA,NA,NA,NA,NA,0.65,1.74,0.126,96
"phi_100_1",2070,4.5,0.848,0,1,0,0,1,0,0,1,0,0,0,0,0,0,1,0.5,0,1,0.5,0,0,0,0,1,0,0,0,1,0,0,0.693,-3.538,0,0,1,1,0,0,NA,NA,NA,NA,NA,NA,NA,NA,-1.053,-0.513,-0.242,97
"phi_101_1",2075,1,0.995,0,0,0,0,1,0,0,1,0,0,0,0,3,0,0,1,0,0,0,0,0,0,0,0,0,0,0,0,0,0,0.693,-4.803,7.611,0,0,1,1,0,NA,NA,NA,NA,NA,NA,NA,NA,-1.194,0.683,0.2,98
"phi_102_1",2080,4,0.943,0,1,0,0,1,0,0,1,0,0,0,0,0,0,1,1,0,1,1,0,0,0,0,1,0,0,0,0,0,0,0.693,-3.893,0,0,1,1,0,0,NA,NA,NA,NA,NA,NA,NA,NA,-1.109,-0.473,-0.15,99
"phi_103_1",2085,2,0.953,0,1,0,0,1,0,0,1,0,0,0,0,0,0,1,1,0,1,1,0,0,0,0,1,0,0,0,0,0,0,0.693,-4.295,0,0,1,1,0,0,NA,NA,NA,NA,NA,NA,NA,NA,-1.139,-0.483,-0.143,100
"phi_104_1",2090,1,0.982,0,0,0,1,0,0,0,0,0,0,0,1,0,0,0,0,0,0,0,0,0,0,0,0,0,0,0,0,0,0,0.693,-5.216,0,0,0,0,0,0,NA,NA,NA,NA,NA,NA,NA,NA,-1.245,-0.353,-0.508,101
"phi_105_1",2095,8,0.597,1,1,0,0,0,0,0,1,0,0,0,0,0,0,1,0,0,0,1,0,0,0,0,1,0,0,0,0,0,0,1.386,0.287,8.329,0,0,0,0,0,NA,NA,NA,NA,NA,NA,NA,NA,1.058,-0.507,-0.557,102
"phi_106_1",2100,7.5,0.956,0,0,0,1,0,0,0,1,0,0,0,0,0,0,0,0,0,0,0,0,0,0,0,1,0,0,0,1,0,0,0.693,-3.966,0,0,0,0,0,0,NA,NA,NA,NA,NA,NA,NA,NA,-1.119,-0.477,-0.497,103
"phi_107_1",2110,8.5,1,0,1,0,0,1,0,0,1,0,0,0,0,0,0,0,0,0,1,0,0,0,0,0,1,0,0,0,0,1,0,0.693,-4.833,0,0,1,1,0,0,NA,NA,NA,NA,NA,NA,NA,NA,-1.2,-0.054,-0.436,104
"phi_108_1",2115,3,0.66,1,1,0,1,0,0,0,1,0,0,0,0,0,0,0,0,0,0,0,0,1,0,0,1,0,0,0,0,0,0,0.693,-2.504,0,0,0,0,0,0,NA,NA,NA,NA,NA,NA,NA,NA,0.655,-0.464,-0.637,105
"phi_109_1",2120,8,0.353,1,1,0,0,0,0,0,0,0,0,0,0,0,0,1,0,0,0,0,0,0,0,0,0,0,0,0,0,0,0,0.693,-1.891,6.314,0,0,0,0,0,NA,NA,NA,NA,NA,NA,NA,NA,0.769,-0.521,-0.569,106
"phi_110_1",2125,7,0.672,1,1,0,0,0,0,0,0,0,0,0,0,0,0,0,0,0,0,0,0,0,0,0,1,0,0,0,0,0,0,0.693,-2.346,6.354,0,0,0,0,0,NA,NA,NA,NA,NA,NA,NA,NA,0.671,-0.487,-0.583,107
"phi_111_1",2130,8.5,0.808,1,0,1,0,1,0,0,1,0,0,0,0,0,0,1,1,0,1,0,0,0,0,0,0,1,0,0,0,0,0,1.609,0.121,5.815,0,1,1,0,0,NA,NA,NA,NA,NA,NA,NA,NA,0.947,-0.479,-0.076,108
"phi_112_1",2135,8.5,0.258,1,0,0,0,1,0,0,1,0,0,0,0,0,0,1,1,0,1,0,0,0,0,0,0,1,0,0,0,0,0,0.693,-2.492,6.746,0,1,1,0,0,NA,NA,NA,NA,NA,NA,NA,NA,0.737,-0.483,-0.055,109
"phi_113_1",2140,8,0.235,1,0,0,0,1,0,0,1,0,0,0,0,0,0,1,1,0,1,0,0,0,0,0,0,1,0,0,0,0,0,0.693,-2.602,6.314,0,1,1,0,0,NA,NA,NA,NA,NA,NA,NA,NA,0.724,-0.501,-0.058,110
"phi_114_1",2145,0,0.915,1,0,1,1,0,0,0,1,0,0,0,0,0,0,0,0,0,0,0,0,0,0,0,1,0,0,0,0,0,0,0.693,-2.22,0,0,0,0,0,0,NA,NA,NA,NA,NA,NA,NA,NA,0.648,-0.533,-0.549,111
"phi_115_1",2150,3,0.505,1,0,0,1,0,0,0,1,0,0,0,0,0,0,0,0,0,0,0,0,0,0,0,1,0,0,0,0,0,0,0.693,-1.638,6.389,0,0,0,0,0,NA,NA,NA,NA,NA,NA,NA,NA,0.784,-0.514,-0.549,112
"phi_116_1",2155,0,0.989,0,0,1,1,0,0,0,1,0,0,0,0,0,0,0,0,0,0,0.5,0,0,0,0,1,0,0,0,0,0,0,0.693,-4.465,0,0,0,0,0,0,NA,NA,NA,NA,NA,NA,NA,NA,-1.18,-0.475,-0.538,113
"phi_117_1",2160,5,0.31,1,1,1,0,0,0,0,0,0,0,0,0,0,2,0,0,0,0,0,0,0,0,0,1,0,0,0,0,0,0,0.693,-2.67,7.06,0,0,0,0,0,NA,NA,NA,NA,NA,NA,NA,NA,0.707,-0.176,-0.556,114
"phi_118_1",2165,0,0.446,1,0,0,1,0,0,0,1,0,0,1,0,0,2,0,0,0,0,0,0,0,0,0,1,0,0,0,0,0,0,0.693,-2.989,6.743,0,0,0,0,0,NA,NA,NA,NA,NA,NA,NA,NA,0.65,0.316,-0.551,115
"phi_119_1",2170,0.5,0.816,1,0,1,1,0,0,0,0,0,0,0,0,0,0,0,0,0,0,0,0,0,0,0,1,0,0,0,0,0,0,0.693,-2.132,0,0,0,0,0,0,NA,NA,NA,NA,NA,NA,NA,NA,0.665,-0.519,-0.546,116
"phi_120_1",2175,1,0.438,1,1,0,0,0,0,0,0,0,0,0,0,0,0,0,0,0,0,0,0,0,0,0,1,0,0,0,0,0,0,0.693,-3.191,6.564,0,0,0,0,0,NA,NA,NA,NA,NA,NA,NA,NA,0.633,-0.485,-0.589,117
"phi_121_1",2185,0,0.805,1,0,1,1,0,0,0,1,0,0,0,0,0,0,0,0,0,0,0,0,0,0,0,1,0,0,0,0,0,0,0.693,-2.152,4.673,0,0,0,0,0,NA,NA,NA,NA,NA,NA,NA,NA,0.666,-0.498,-0.52,118
"phi_122_1",2195,0,0.894,1,0,1,1,0,0,0,1,0,0,0,0,0,0,0,0,0,0,0,0,0,0,0,1,0,0,0,0,0,0,0.693,-0.944,0,0,0,0,0,0,NA,NA,NA,NA,NA,NA,NA,NA,0.799,-0.484,-0.536,119
"phi_123_1",2200,5.5,0.267,1,1,1,0,0,0,0,0,0,0,0,0,0,2,0,0,0,0,0,0,0,0,0,1,0,0,0,0,0,0,0.693,-1.621,6.804,0,0,0,0,0,NA,NA,NA,NA,NA,NA,NA,NA,0.828,-0.161,-0.553,120
"phi_124_1",2205,0,0.392,1,0,0,0,1,0,0,1,0,0,0,0,0,0,0,0,0,1,0,0,0,0,0,1,0,0,0,0,0,0,0.693,-2.296,5.945,0,1,1,0,0,NA,NA,NA,NA,NA,NA,NA,NA,0.723,-0.517,-0.318,121
"phi_125_1",2210,0.5,0.989,0,1,1,1,0,0,0,1,0,0,0,0,0,0,0,0,0,0,0.5,0,0,0,0,1,0,0,0,0,0,0,0.693,-3.864,0,0,0,0,0,0,NA,NA,NA,NA,NA,NA,NA,NA,-1.114,-0.501,-0.633,122
"phi_126_1",2218,0.5,0.945,0,1,1,0,0,0,0,0,0,0,0,1,3,0,0,0,0,0,0,0,0,0,0,1,0,0,0,0,0,0,0.693,-3.886,7.611,0,0,0,0,0,NA,NA,NA,NA,NA,NA,NA,NA,-1.073,0.849,-0.561,123
"phi_127_1",2220,0,0.355,1,0,0,1,0,0,0,1,0,0,0,0,0,2,0,0,0,0,0,0,0,0,0,1,0,0,0,0,0,0,0.693,-2.537,6.977,0,0,0,0,0,NA,NA,NA,NA,NA,NA,NA,NA,0.717,-0.18,-0.547,124
"phi_128_1",2230,5,0.375,1,1,0,1,0,0,0,1,0,0,0,0,0,2,0,0,0,0,0,0,1,0,0,1,0,0,0,0,0,0,0.693,-2.618,6.485,0,0,0,0,0,NA,NA,NA,NA,NA,NA,NA,NA,0.708,-0.168,-0.626,125
"phi_129_1",2235,0.5,0.925,0,0,0,1,0,0,0,1,0,0,0,0,0,2,0,0,0,0,0,0,0,0,0,1,0,0,0,0,0,0,0.693,-4.395,6.762,0,0,0,0,0,NA,NA,NA,NA,NA,NA,NA,NA,-1.147,-0.161,-0.548,126
"phi_130_1",2245,0.5,0.923,0,0,0,1,0,0,0,1,0,0,0,0,0,2,0,0,0,0,0,0,0,0,0,1,0,0,0,0,0,0,0.693,-4.717,0,0,0,0,0,0,NA,NA,NA,NA,NA,NA,NA,NA,-1.199,-0.172,-0.531,127
"phi_131_1",2250,5,0.85,0,1,1,0,0,0,0,0,0,0,0,0,0,0,0,0,0,0,0,0,0,0,0,1,0,0,0,0,0,0,0.693,-4.51,0,0,0,0,0,0,NA,NA,NA,NA,NA,NA,NA,NA,-1.147,-0.507,-0.577,128
"phi_132_1",2260,5,0.183,1,0,0,1,0,0,0,1,0,0,0,0,0,2,0,0,0,0,0,0,0,0,0,1,0,0,0,0,0,0,0.693,-2.677,7.389,0,0,0,0,0,NA,NA,NA,NA,NA,NA,NA,NA,0.732,-0.179,-0.526,129
"phi_133_1",2275,5,0.845,0,0,0,1,0,0,0,1,0,0,0,0,0,2,0,0,0,0,0,0,0,0,0,1,0,0,0,0,0,0,0.693,-4.457,0,0,0,0,0,0,NA,NA,NA,NA,NA,NA,NA,NA,-1.145,-0.181,-0.529,130
"phi_134_1",2280,3.5,0.628,1,0,1,1,0,0,0,1,0,0,0,0,0,2,0,0,0,0,0,0,0,0,0,1,0,0,1,0,0,0,0.693,-1.158,0,0,0,0,0,0,NA,NA,NA,NA,NA,NA,NA,NA,0.799,-0.144,-0.598,131
"phi_135_1",2295,1,0.663,1,0,1,1,0,0,0,1,0,0,0,0,0,2,0,0,0,0,0,0,0,0,0,1,0,0,1,0,0,0,0.693,-1.043,0,0,0,0,0,0,NA,NA,NA,NA,NA,NA,NA,NA,0.802,-0.174,-0.603,132
"phi_136_1",2300,5,0.48,1,0,1,1,0,0,0,1,0,0,0,0,0,2,0,0,0,0,0,0,0,0,0,1,0,0,1,0,0,0,0.693,-0.815,7.036,0,0,0,0,0,NA,NA,NA,NA,NA,NA,NA,NA,0.868,-0.159,-0.591,133
"phi_137_1",2302,2.667,0.922,0,1,0,0,0,0,0,0,0,0,0,0,0,3,0,0,0,0,0,0,0,0,0,0,0,0,0,0,0,0,1.099,-2.924,5.037,0,0,0,0,0,NA,NA,NA,NA,NA,NA,NA,NA,-0.986,-0.023,-0.58,134
"phi_138_1",2305,0,0.507,1,0,1,1,0,0,0,1,0,0,0,0,0,0,0,0,0,0,0,0,0,0,0,1,0,0,1,0,0,0,0.693,-1.636,6.864,0,0,0,0,0,NA,NA,NA,NA,NA,NA,NA,NA,0.777,-0.504,-0.577,135
"phi_139_1",2315,0.5,0.821,0,0,1,1,0,0,0,1,0,0,0,0,0,2,0,0,0,0,0,0,0,0,0,1,0,0,0,0,0,0,0.693,-4.122,6.146,0,0,0,0,0,NA,NA,NA,NA,NA,NA,NA,NA,-1.103,-0.195,-0.537,136
"phi_140_1",2330,2.25,0.878,0,1,0,0,1,0,0,1,0,0,0,0,0,0,0,1,0,0,1,0,0,0,0,1,0,0,1,0,0,0,1.386,-2.488,5.618,0,0,1,1,0,NA,NA,NA,NA,NA,NA,NA,NA,-0.931,-0.486,0.066,137
"phi_141_1",2335,0.333,0.536,1,1,0,0,0,0,0,0,0,0,0,0,0,0,0,0,0,0,0,0,0,0,0,0,0,0,0,0,0,0,1.099,-2.416,5.132,0,0,0,0,0,NA,NA,NA,NA,NA,NA,NA,NA,0.707,-0.493,-0.57,138
"phi_142_1",2340,0,0.999,0,1,1,1,0,0,1,1,0,0,0,0,0,2,0,0,0,0,1,0,0,0,0,1,0,0,0,0,0,0,0.693,-6.552,0,0,0,0,0,0,NA,NA,NA,NA,NA,NA,NA,NA,-1.389,-0.233,-0.604,139
"phi_143_1",2345,0,0.996,0,1,0,0,0,0,0,0,0,0,0,0,0,1,0,0,0,0,0,0,0,0,0,1,0,0,0,0,0,0,1.099,-5.001,4.707,0,0,0,0,0,NA,NA,NA,NA,NA,NA,NA,NA,-1.225,-0.325,-0.58,140
"phi_144_1",2350,5,0.869,1,1,0,0,0,0,0,1,0,0,0,0,0,0,1,0,0,0,1,0,0,0,0,0,0,0,0,0,0,0,0.693,-2.273,0,0,0,0,0,0,NA,NA,NA,NA,NA,NA,NA,NA,0.655,-0.485,-0.554,141
"phi_145_1",2355,6.667,0.898,1,1,0,0,0,0,0,1,0,0,0,0,0,0,1,0,0,0,1,0,0,0,0,0,0,0,0,0,0,0,1.099,-1.038,5.91,0,0,0,0,0,NA,NA,NA,NA,NA,NA,NA,NA,0.795,-0.466,-0.564,142
"phi_146_1",2360,5,0.615,1,1,0,0,1,0,0,1,0,0,0,0,0,0,1,1,0,1,1,0,0,0,0,1,0,0,0,0,0,0,0.693,-0.465,7.036,0,1,1,0,0,NA,NA,NA,NA,NA,NA,NA,NA,0.917,-0.5,-0.11,143
"phi_147_1",2365,3.5,0.768,1,1,0,1,1,0,0,1,0,0,0,0,0,0,0,1,0,1,1,0,0,0,1,1,0,0,0,0,0,0,0.693,-0.673,6.425,0,1,1,0,0,NA,NA,NA,NA,NA,NA,NA,NA,0.856,-0.52,-0.102,144
"phi_148_1",2370,0,0.588,1,1,0,0,1,0,0,1,0,0,0,0,0,0,0,0,0,0,1,0,0,0,0,1,0,0,0,0,0,0,0.693,-1.216,0,0,0,1,1,0,NA,NA,NA,NA,NA,NA,NA,NA,0.79,-0.506,-0.143,145
"phi_149_1",2375,0.375,0.85,0,1,0,0,0,0,0,1,0,0,0,0,0,0,0,0,0,0,1,0,0,0,0,1,0,0,1,0,1,0,1.099,-4.9,5.743,0,0,0,0,0,NA,NA,NA,NA,NA,NA,NA,NA,-1.181,-0.018,-0.61,146
"phi_150_1",2380,0,0.45,1,1,0,0,0,0,1,0,0,0,0,0,0,2,0,0,0,0,0,0,0,0,0,0,0,0,0,0,0,0,0.693,-1.417,0,0,0,0,0,0,NA,NA,NA,NA,NA,NA,NA,NA,0.806,-0.252,-0.583,147
"phi_151_1",2385,7.5,0.9,1,1,0,0,1,0,0,0,0,3,1,0,3,2,0,0,0,0,0,0,0,0,0,1,0,0,0,0,0,0,0.693,-2.512,7.689,0,0,1,1,0,NA,NA,NA,NA,NA,NA,NA,NA,0.667,2.433,-0.158,148
"phi_152_1",2395,1.875,0.491,1,1,0,1,0,0,0,1,0,0,0,0,0,2,1,0,0,0,1,0,1,0,0,1,0,0,0,0,0,0,1.609,-0.542,8.41,0,0,0,0,0,NA,NA,NA,NA,NA,NA,NA,NA,0.979,-0.177,-0.611,149
"phi_153_1",2405,0,0.75,1,1,1,1,0,0,0,1,0,0,0,0,0,0,0,0,0,0,0,0,1,0,0,1,0,0,0,0,0,0,0.693,-3.105,0,0,0,0,0,0,NA,NA,NA,NA,NA,NA,NA,NA,0.587,-0.518,-0.624,150
"phi_154_1",2410,0.25,0.784,0,1,1,0,0,0,0,0,0,0,0,0,0,0,0,0,0,0,0,0,0,0,0,1,0,0,1,0,0,0,1.386,-2.976,6.354,0,0,0,0,0,NA,NA,NA,NA,NA,NA,NA,NA,-0.956,-0.485,-0.615,151
"phi_155_1",2415,0,0.39,1,0,1,1,0,0,0,1,0,0,0,0,0,0,0,0,0,0,0,0,0,0,0,1,0,0,0,0,0,0,0.693,-1.328,0,0,0,0,0,0,NA,NA,NA,NA,NA,NA,NA,NA,0.834,-0.52,-0.552,152
"phi_156_1",2420,3.25,0.879,1,0,0,0,1,0,0,1,0,0,0,0,0,0,1,1,0,0,0,0,0,0,1,0,0,1,0,0,0,0,2.197,0.888,6.68,0,0,1,1,0,NA,NA,NA,NA,NA,NA,NA,NA,1.036,-0.492,0.263,153
"phi_158_1",2430,5,0.3,1,1,1,0,0,0,0,0,0,0,0,0,0,0,0,0,0,0,0,0,0,0,0,0,0,0,0,0,0,0,0.693,-1.61,0,0,0,0,0,0,NA,NA,NA,NA,NA,NA,NA,NA,0.814,-0.495,-0.577,154
"phi_159_1",2435,0,0.696,0,0,1,1,0,0,0,1,0,0,0,0,0,0,0,0,0,0,0,0,0,0,0,1,0,0,0,0,0,0,0.693,-3.057,0,0,0,0,0,0,NA,NA,NA,NA,NA,NA,NA,NA,-0.987,-0.505,-0.567,155
"phi_160_1",2440,10,0.674,1,0,0,0,1,0,0,0,0,0,0,0,0,0,0,0.5,0,0,0.5,0,0,0,0,0.5,0.5,0,0,0,0.5,0,0.693,-2.137,6.804,0,0,1,1,0,NA,NA,NA,NA,NA,NA,NA,NA,0.716,-0.29,0.064,156
"phi_161_1",2445,0,0.966,1,1,0,0,1,1,0,0,0,0,0,0,0,2,0,0,0,0,0,0,0,0,0,1,0,0,0,0,1,0,0.693,-0.465,0,1,0,1,1,1,NA,NA,NA,NA,NA,NA,NA,NA,0.848,0.279,2.104,157
"phi_162_1",2450,3.333,0.66,1,0,1,1,0,0,0,1,0,0,0,0,0,0,0,0,0,0,0,0,0,0,0,1,0,0,0,0,0,0,0.693,-1.041,0,0,0,0,0,0,NA,NA,NA,NA,NA,NA,NA,NA,0.809,-0.507,-0.536,158
"phi_163_1",2455,0,0.659,1,0,1,1,0,0,0,1,0,0,0,0,0,0,0,0,0,0,0,0,0,0,0,1,0,0,0,0,0,0,0.693,-1.049,6.475,0,0,0,0,0,NA,NA,NA,NA,NA,NA,NA,NA,0.831,-0.477,-0.545,159
"phi_164_1",2460,0,0.659,1,0,1,1,0,0,0,1,0,0,0,0,0,0,0,0,0,0,0,0,0,0,0,1,0,0,0,0,0,0,0.693,-1.046,6.265,0,0,0,0,0,NA,NA,NA,NA,NA,NA,NA,NA,0.823,-0.495,-0.539,160
"phi_165_1",2465,5,0.8,1,1,0,0,1,1,0,1,0,0,0,0,0,0,0,1,0,0,1,0,0,0,0,0,0,0,0,0,0,0,0.693,-3.102,7.389,0,0,1,1,0,NA,NA,NA,NA,NA,NA,NA,NA,0.612,-0.481,0.994,161
"phi_166_1",2470,0,0.366,1,0,1,1,0,0,0,1,0,0,0,0,0,0,0,0,0,0,0,0,0,0,0,1,0,0,0,0,0,0,0.693,-0.05,0,0,0,0,0,0,NA,NA,NA,NA,NA,NA,NA,NA,0.967,-0.513,-0.538,162
"phi_167_1",2475,0,0.632,1,0,0,0,1,0,0,1,0,3,0,0,2,0,0,1,0,0,0,0,0,0,0,1,0,0,0,0,0,0,0.693,-1.285,0,0,0,1,1,0,NA,NA,NA,NA,NA,NA,NA,NA,0.789,1.196,0.2,163
"phi_168_1",2480,0,0.632,1,0,0,0,1,0,0,1,0,3,0,0,2,0,0,1,0,0,0,0,0,0,0,1,0,0,0,0,0,0,0.693,-1.282,0,0,0,1,1,0,NA,NA,NA,NA,NA,NA,NA,NA,0.797,1.213,0.206,164
"phi_169_1",2485,0,0.4,1,0,0,0,1,0,0,1,0,3,0,0,2,0,0,1,0,0,0,0,0,0,0,1,0,0,0,0,0,0,0.693,-1.283,0,0,0,1,1,0,NA,NA,NA,NA,NA,NA,NA,NA,0.838,1.203,0.185,165
"phi_170_1",2490,5,0.867,1,1,0,1,1,1,0,1,0,0,0,0,0,0,0,1,0,0,1,0,0,0,0,1,0,0,0,0,0,0,1.099,-0.294,7.154,0,0,1,1,0,NA,NA,NA,NA,NA,NA,NA,NA,0.897,-0.485,0.943,166
"phi_171_1",2505,5.5,0.648,1,0,1,1,0,0,0,1,0,0,0,0,0,0,0,0,0,0,0,0,0,0,0,1,0,0,1,0,0,0,0.693,-2.32,8.688,0,0,0,0,0,NA,NA,NA,NA,NA,NA,NA,NA,0.779,-0.474,-0.607,167
"phi_172_1",2510,3.667,0.395,1,0,0,1,0,0,0,1,0,0,0,0,0,0,0,0,0,0,0,0,0,0,0,1,0,0,0,0,0,0,0.693,-2.086,7.961,0,0,0,0,0,NA,NA,NA,NA,NA,NA,NA,NA,0.781,-0.478,-0.543,168
"phi_173_1",2515,1.174,0.968,1,0,0,0,1,0,0,1,0,0,0,0,0,2,0,1,0,0,0,0,0,0,0,1,0,0,0,0,0,0,1.792,0.948,7.735,0,0,1,1,0,NA,NA,NA,NA,NA,NA,NA,NA,1.051,-0.176,0.2,169
"phi_174_1",2520,0,0.22,1,0,1,1,0,0,0,1,0,0,0,0,0,0,0,0,0,0,0,0,0,0,0,1,0,0,0,0,0,0,0.693,-2.05,6.234,0,0,0,0,0,NA,NA,NA,NA,NA,NA,NA,NA,0.785,-0.497,-0.534,170
"phi_175_1",2525,2.5,0.356,1,0,0,1,0,0,0,0,0,0,0,0,0,0,0,0,0,0,0,0,0,0,0,1,0,0,0,0,0,0,0.693,-1.656,8.44,0,0,0,0,0,NA,NA,NA,NA,NA,NA,NA,NA,0.857,-0.483,-0.535,171
"phi_176_1",2535,5,0.443,1,0,0,0,1,1,0,1,0,0,0,0,0,0,1,1,0,0,0,0,0,0,0,0.5,0,0,0,0,0,0,0.693,-1.498,7.06,1,0,1,1,1,NA,NA,NA,NA,NA,NA,NA,NA,0.826,-0.49,2.455,172
"phi_177_1",2540,1.667,0.984,1,1,0,0,1,1,0,1,0,0,0,0,0,0,1,1,0,0,0,0,0,0,0,1,0,0,0,0,0,0,1.099,-0.548,8.267,1,0,1,1,1,NA,NA,NA,NA,NA,NA,NA,NA,0.887,-0.473,2.367,173
"phi_178_1",2545,5,0.476,1,0,0,0,1,1,0,0,0,0,0,0,0,0,0,0,0,0,0,0,0,0,0,1,0,0,0,0,0,0,0.693,-2.657,7.961,1,0,1,1,1,NA,NA,NA,NA,NA,NA,NA,NA,0.702,-0.484,2.199,174
"phi_179_1",2550,4.167,0.717,1,0,0,0,1,1,0,1,0,0,0,0,0,0,1,1,0,0,0,0,0,0,0,0,0,0,0,0,0,0,3.638,2.442,8.458,1,0,1,1,1,NA,NA,NA,NA,NA,NA,NA,NA,1.333,-0.459,2.475,175
"phi_180_1",2555,4,0.836,1,1,0,0,1,0,0,1,0,3,0,0,0,0,1,0,0,0,1,0,0,0,0,0,1,0,0,0,0,0,1.099,-0.866,7.171,0,0,1,1,0,NA,NA,NA,NA,NA,NA,NA,NA,0.862,0.422,-0.164,176
"phi_181_1",2560,5,0.873,1,0,0,1,1,0,0,1,0,3,0,1,3,0,0,0,0,0,0.5,0,0,0,0,0,0,0,0,0,1,0,0.693,-1.328,6.895,0,0,1,1,0,NA,NA,NA,NA,NA,NA,NA,NA,0.772,2.165,-0.119,177
"phi_182_1",2563,5,0.502,1,0,0,0,1,1,0,1,0,0,0,0,0,0,1,1,0,0,0,0,0,0,0,1,0,0,0,0,0,0,0.693,-2.079,0,1,0,1,1,1,NA,NA,NA,NA,NA,NA,NA,NA,0.735,-0.471,2.443,178
"phi_183_1",2565,10,1,0,1,0,0,0,0,0,0,0,0,0,0,3,3,0,0,0,0,0,0,0,0,0,0,0,0,0,0,1,0,0.693,-3.715,7.275,0,0,0,0,0,NA,NA,NA,NA,NA,NA,NA,NA,-1.068,1.663,-0.591,179
"phi_184_1",2570,5,0.835,1,0,0,0,1,1,0,1,0,3,0,0,0,0,1,1,0,0,0,0,0,0,0,0,0,0,0,0,0,0,0.693,-1.741,6.895,1,0,1,1,1,NA,NA,NA,NA,NA,NA,NA,NA,0.727,0.383,2.457,180
"phi_185_1",2571,5,-0.009,1,0,0,0,1,1,0,1,0,3,0,0,0,0,1,1,0,0,0,0,0,0,0,0,0,0,0,0,0,0,0.693,-0.303,8.18,1,0,1,1,1,NA,NA,NA,NA,NA,NA,NA,NA,1.031,0.365,2.436,181
"phi_186_1",2575,0,0.567,1,1,0,0,1,1,0,1,0,0,0,1,0,0,1,1,0,0,1,0,0,0,0,1,0,0,0,0,0,0,0.693,-1.378,7.036,1,0,1,1,1,NA,NA,NA,NA,NA,NA,NA,NA,0.806,-0.377,2.38,182
"phi_187_1",2580,5,0.662,1,0,0,0,1,1,0,1,0,3,0,0,3,0,1,1,0,0,0,0,0,0,0,0,0,0,0,1,1,0,0.693,-1.731,8.201,1,0,1,1,1,NA,NA,NA,NA,NA,NA,NA,NA,0.812,2.056,2.495,183
"phi_188_1",3005,6.667,-0.071,1,0,0,0,0,1,0,1,0,0,0,0,0,0,1,1,0,0,0,0,0,0,0.333,0,0,0,0,0,0,0,1.099,0.166,8.04,1,0,0,1,1,NA,NA,NA,NA,NA,NA,NA,NA,1.091,-0.495,2.35,184
"phi_189_1",3010,2.65,0.947,1,1,0,0,1,0,0,1,0,0,0,0,0,0,0,0,0,0,1,0,0,0,0,0,1,0,0,0,0,0,3.045,2.135,7.565,0,1,1,0,0,NA,NA,NA,NA,NA,NA,NA,NA,1.196,-0.498,-0.413,185
"phi_190_1",3015,1.5,0.872,0,1,1,0,0,0,0,1,0,0,1,0,0,3,0,0,0,0,1,0,0,1,0,0,0,1,0,0,0,0,3.135,-3.638,6.594,0,0,0,0,0,NA,NA,NA,NA,NA,NA,NA,NA,-0.975,0.464,-0.677,186
"phi_191_1",3020,0,0.495,1,0,0,0,1,1,0,1,0,0,0,0,0,0,1,1,0,0,0,0,0,0,0,1,0,0,0,0,0,0,0.693,-2.108,6.234,1,0,1,1,1,NA,NA,NA,NA,NA,NA,NA,NA,0.728,-0.489,2.458,187
"phi_192_1",3025,0,0.508,1,0,0,0,1,1,0,1,0,0,0,0,0,0,1,1,0,0,0,0,0,0,0,1,0,0,0,0,0,0,0.693,-2.056,0,1,0,1,1,1,NA,NA,NA,NA,NA,NA,NA,NA,0.721,-0.484,2.448,188
"phi_193_1",3030,0,0.673,1,0,0,0,1,1,0,1,0,3,0,1,1,0,1,1,0,0,0,0,0,0,1,1,0,0,0,0,0,0,0.693,-1.553,0,1,0,1,1,1,NA,NA,NA,NA,NA,NA,NA,NA,0.774,0.936,2.548,189
"phi_194_1",3035,0,0.976,0,1,1,0,1,0,0,1,0,0,0,0,0,0,1,1,0,0,0,0,0,0,0,1,0,0,0,0,0,0,0.693,-3.788,6.246,0,0,1,1,1,0.907,0.791,0.907,0.791,0.907,0.791,0.907,0.791,-1.094,-0.507,0.937,190
"phi_195_1",3040,5,0.73,1,1,0,0,1,0,0,0,0,3,1,1,4,0,0,0,0,0,0,0,0,0,0,1,0,0,0,0,0,0,0.693,-2.151,7.725,0,0,1,1,0,NA,NA,NA,NA,NA,NA,NA,NA,0.726,2.656,-0.17,191
"phi_196_1",3045,5,0.964,0,0,0,0,1,1,0,1,0,0,0,0,0,0,1,1,0,0,0,0,0,0,0,1,0,0,0,0,0,0,0.693,-4.112,6.131,0,0,1,1,1,0.86,0.558,0.86,0.558,0.86,0.558,0.86,0.558,-1.126,-0.499,1.901,192
"phi_197_1",3050,0,0.699,0,0,0,0,1,0,0,0,0,0,0,0,0,0,1,0,0,0,0,0,0,0,0,1,0,0,0,0,0,0,0.693,-5.094,0,0,0,1,1,0,NA,NA,NA,NA,NA,NA,NA,NA,-1.205,-0.511,-0.072,193
"phi_198_1",3055,10,0.983,1,1,0,0,1,1,0,1,0,0,0,0,0,0,1,1,0,0,1,0,0,0,1,1,0,0,0,0,0,0,0.693,-1.077,5.361,0,0,1,1,1,0.705,0.526,0.705,0.526,0.577,0.385,0.577,0.385,0.791,-0.502,1.931,194
"phi_199_1",3060,0,0.994,0,0,0,0,1,1,0,1,0,0,0,0,0,0,1,1,0,0,0,0,0,0,0,1,0,0,0,0,0,0,0.693,-2.077,0,0,0,1,1,1,1,0.967,1,0.967,1,0.938,1,0.938,-0.922,-0.461,1.911,195
"phi_200_1",3065,0.5,0.974,0,1,0,0,0,0,0,1,0,0,0,0,0,2,0,0,0,0,0,0,0,0,1,1,0,0,0,0,1,0,0.693,-5.282,0,0,0,0,0,0,NA,NA,NA,NA,NA,NA,NA,NA,-1.262,0.28,-0.483,196
"phi_201_1",3075,2.861,0.989,1,1,1,0,1,0,0,1,0,0,0,0,0,1,0,1,0,0,0,0,0,0,0,0,0,1,0,0,0,0,3.135,2.945,7.585,0,1,1,0,0,0.832,0.647,0.832,0.647,0.211,0,0.211,0,1.281,-0.299,-0.2,197
"phi_202_1",3080,8.5,0.085,1,0,0,0,1,0,0,0,0,3,0,0,1,0,0,0,0,0,0,0,0,0,0,0,0,0,0,0,0,0,0.693,-1.911,8.598,0,1,1,0,0,NA,NA,NA,NA,NA,NA,NA,NA,0.881,0.816,-0.326,198
"phi_203_1",3085,0,0.716,0,1,1,0,1,0,0,0,0,0,0,1,0,0,1,0,0,0,0,0,0,0,0,1,0,0,0,0,0,0,0.693,-3.501,0,0,0,1,1,0,NA,NA,NA,NA,NA,NA,NA,NA,-1.026,-0.353,-0.168,199
"phi_204_1",3090,0,0.709,0,1,1,0,1,0,0,0,0,0,0,0,0,0,1,0,0,0,0,0,0,0,0,1,0,0,0,0,0,0,0.693,-3.401,0,0,0,1,1,0,NA,NA,NA,NA,NA,NA,NA,NA,-1.041,-0.471,-0.159,200
"phi_205_1",3095,0,0.698,0,1,1,0,1,1,0,1,0,0,0,0,0,0,1,1,0,0,0,0,0,0,0,1,0,0,0,0,0,0,0.693,-3.294,0,0,0,1,1,1,NA,NA,NA,NA,NA,NA,NA,NA,-1.021,-0.484,1.811,201
"phi_206_1",3100,0,0.7,0,1,1,0,1,0,0,0,0,0,0,0,0,0,1,0,0,0,0,0,0,0,0,1,0,0,0,0,0,0,0.693,-4.453,5.318,0,0,1,1,0,NA,NA,NA,NA,NA,NA,NA,NA,-1.129,-0.505,-0.162,202
"phi_207_1",3105,0,0.97,0,1,1,0,1,0,0,0,0,0,0,1,0,0,1,0,0,0,0,0,0,0,0,1,0,0,0,0,0,0,0.693,-4.048,0,0,0,1,1,0,NA,NA,NA,NA,NA,NA,NA,NA,-1.135,-0.371,-0.169,203
"phi_208_1",3110,0,0.958,0,1,1,0,1,0,0,0,0,0,0,0,0,0,1,0,0,0,0,0,0,0,0,1,0,0,0,0,0,0,0.693,-3.925,0,0,0,1,1,0,NA,NA,NA,NA,NA,NA,NA,NA,-1.123,-0.498,-0.165,204
"phi_209_1",3115,0,0.531,1,0,1,0,1,1,0,1,0,0,0,0,0,0,1,1,0,0,0,0,0,0,0,1,0,0,0,0,0,0,0.693,-1.07,0,0,0,1,1,1,NA,NA,NA,NA,NA,NA,NA,NA,0.819,-0.513,1.907,205
"phi_210_1",3120,0,0.548,1,0,1,0,1,1,0,1,0,0,0,0,0,0,1,1,0,0,0,0,0,0,0,1,0,0,0,0,0,0,0.693,-1.077,0,0,0,1,1,1,NA,NA,NA,NA,NA,NA,NA,NA,0.814,-0.509,1.894,206
"phi_211_1",3125,5,0.236,1,1,0,0,1,0,0,0,0,3,1,1,4,3,0,0,0,0,0,0,0,0,0,1,0,0,0,0,1,0,0.693,-1.919,7.725,0,1,1,0,0,NA,NA,NA,NA,NA,NA,NA,NA,0.83,3.619,-0.432,207
"phi_212_1",3130,10,0.795,1,1,0,0,1,0,0,1,0,0,0,0,0,2,1,1,0,0,0,0,0,1,0,1,0,0,0,0,0.688,0,1.609,0.027,4.948,0,0,1,1,0,0.855,0.678,0.855,0.678,0.577,0.385,0.577,0.385,0.941,0.205,0.032,208
"phi_213_1",3135,0,0.561,1,0,1,0,1,1,0,1,0,0,0,0,0,0,1,1,0,0,0,0,0,0,0,1,0,0,0,0,0,0,0.693,-1.084,6.111,0,0,1,1,1,NA,NA,NA,NA,NA,NA,NA,NA,0.806,-0.481,1.898,209
"phi_214_1",3140,5,0.442,1,1,0,0,1,0,0,1,0,0,0,0,0,0,1,1,0,0,1,0,0,0,0,1,0,0,0,0,0,0,0.693,-1.092,0,0,1,1,0,0,NA,NA,NA,NA,NA,NA,NA,NA,0.84,-0.481,-0.155,210
"phi_215_1",3145,0,0.996,0,0,1,0,1,1,0,1,0,0,0,0,0,0,1,1,0,0,0,0,0,0,0,1,0,0,0,0,0,0,0.693,-3.458,6.498,0,0,1,1,1,NA,NA,NA,NA,NA,NA,NA,NA,-1.06,-0.497,1.919,211
"phi_216_1",3150,2.711,0.984,1,1,1,0,1,0,0,1,0,0,1,0,0,3,0,1,0,0,1,0,0,0,0,0,0,1,0,0,0,0,3.555,2.569,7.565,0,0,1,1,0,0.875,0.68,0.875,0.68,0.481,0.26,0.481,0.26,1.265,0.502,0.107,212
"phi_217_1",3155,0,0.995,0,0,1,0,1,0,0,1,0,0,0,0,0,0,1,1,0,0,0,0,0,0,0,1,0,0,0,0,0,0,0.693,-2.663,6.509,0,0,1,1,0,NA,NA,NA,NA,NA,NA,NA,NA,-0.975,-0.491,0.201,213
"phi_218_1",3160,0,0.982,0,0,1,0,1,1,0,1,0,0,0,0,0,0,1,1,0,0,0,0,0,0,0,1,0,0,0,0,0,0,0.693,-2.63,5.829,0,0,1,1,1,NA,NA,NA,NA,NA,NA,NA,NA,-0.98,-0.505,1.888,214
"phi_219_1",3165,0,0.987,0,0,1,0,1,1,0,1,0,0,0,0,0,0,1,1,0,0,0,0,0,0,0,1,0,0,0,0,0,0,0.693,-4.209,5.974,0,0,1,1,1,NA,NA,NA,NA,NA,NA,NA,NA,-1.154,-0.516,1.885,215
"phi_220_1",3170,0,0.966,0,0,1,0,1,1,0,1,0,0,0,0,0,0,1,1,0,0,0,0,0,0,0,1,0,0,0,0,0,0,0.693,-3.314,6.509,0,0,1,1,1,NA,NA,NA,NA,NA,NA,NA,NA,-1.062,-0.482,1.913,216
"phi_221_1",3175,0,1,0,0,1,0,1,1,0,1,0,0,0,0,0,0,1,1,0,0,0,0,0,0,0,1,0,0,0,0,0,0,0.693,-3.236,6.38,0,0,1,1,1,NA,NA,NA,NA,NA,NA,NA,NA,-1.026,-0.479,1.9,217
"phi_222_1",3180,9.167,0.879,1,1,1,0,1,0,0,1,0,0,0,0,0,2,0,1,0,0,0,0,0,0,0,1,0,0,0,0,0,0,3.258,1.571,7.402,0,0,1,1,0,0.817,0.649,0.817,0.649,0.538,0.212,0.538,0.212,1.169,-0.18,0.114,218
"phi_223_1",3185,0,1,0,0,1,0,1,1,0,1,0,0,0,0,0,0,1,1,0,0,0,0,0,0,0,1,0,0,0,0,0,0,0.693,-4.073,0,0,0,1,1,1,NA,NA,NA,NA,NA,NA,NA,NA,-1.136,-0.507,1.894,219
"phi_224_1",3200,0,0.718,1,0,1,0,1,0,0,1,0,0,0,1,0,0,1,1,0,0,0,0,0,0,0,1,0,0,0,0,0,0,0.693,-1.207,0,0,0,1,1,1,NA,NA,NA,NA,NA,NA,NA,NA,0.779,-0.311,1.018,220
"phi_225_1",3205,3,0.951,0,1,1,0,1,0,0,0,0,0,0,0,3,3,0,0,0,0,0,0,0,0,0,1,0,0,0,0,1,0,3.091,-3.337,6.638,0,0,1,1,0,0.968,0.876,0.968,0.876,0.92,0.78,0.92,0.78,-0.971,1.656,-0.17,221
"phi_226_1",3210,8,0.546,1,1,1,0,1,0,0,1,0,0,0,0,0,0,0,1,0,0,1,0,0,0,0,0,0,1,0,0,0,0,0.693,-0.05,8.849,0,1,1,0,0,0.459,0.278,0.459,0.278,0.429,0.192,0.429,0.192,1.057,-0.471,-0.183,222
"phi_227_1",3215,10,0.703,1,1,1,0,1,0,0,1,0,0,0,0,0,2,0,1,0,0,1,0,0,0,0,0,0,1,0,0,0,0,1.099,0.657,8.567,0,1,1,0,0,0.965,0.783,0.965,0.783,0.846,0.385,0.846,0.385,1.082,-0.148,-0.181,223
"phi_228_1",3220,10,0.582,1,1,0,0,1,0,0,1,0,3,1,0,0,2,0,0,0,0,1,0,0,0,0,0,1,0,0,0,0,0,0.693,-0.382,8.544,0,0,1,1,0,NA,NA,NA,NA,NA,NA,NA,NA,0.977,1.229,-0.136,224
"phi_229_1",3230,4.667,0.377,0,1,1,0,0,0,0,0,0,0,0,0,0,1,0,0,0,0,0,0,0,0,0,1,0,0,0,0,1,0,1.099,-3.423,5.481,0,0,0,0,0,0.718,0.333,0.718,0.333,0.615,0.192,0.615,0.192,-0.966,0.108,-0.579,225
"phi_230_1",3235,5,-0.164,1,1,0,0,1,0,0,0,0,3,0,1,3,0,0,0,0,0,0,0,0,0,0,1,0,0,0,0,1,0,0.693,-2.879,7.281,0,0,1,1,1,NA,NA,NA,NA,NA,NA,NA,NA,0.756,2.186,0.67,226
"phi_231_1",3240,5.5,0.105,1,1,1,0,1,0,0,1,0,3,0,0,0,0,0,1,0,0,1,0,0,0,0,0,0,1,0,0,0,0,0.693,-1.143,8.632,0,1,1,0,0,NA,NA,NA,NA,NA,NA,NA,NA,0.982,0.403,-0.171,227
"phi_232_1",3245,10,-0.269,1,0,0,0,1,0,0,0,0,3,0,0,3,3,0,0,0,0,0,0,0,0,0,0,0,0,0,0,1,0,0.693,-3.437,8.656,0,0,1,1,1,NA,NA,NA,NA,NA,NA,NA,NA,0.783,2.548,0.746,228
"phi_233_1",3255,5,0.34,0,1,0,0,0,0,0,0,0,0,0,0,0,0,0,0,0,0,0,0,0,0,0,1,0,0,0,0,0,0,0.693,-4.082,7.72,0,0,0,0,0,0.613,0.387,0.613,0.387,0.613,0.387,0.613,0.387,-1.027,-0.492,-0.57,229
"phi_234_1",3260,7.625,0.496,1,1,1,0,1,0,0,1,0,0,0,0,0,2,0,1,0,0,1,0,0,0,0,0,0,1,0,0,0,0,2.079,1.016,8.678,0,1,1,0,0,0.638,0.336,0.638,0.336,0.161,-0.097,0.161,-0.097,1.19,-0.171,-0.182,230
"phi_235_1",3265,5,-0.267,1,1,0,0,0,0,0,1,0,0,0,0,0,0,1,0,0,0,1,0,0,0,0,1,0,0,0,0,0,0,0.693,-2.786,7.689,0,0,0,0,0,0.161,-0.194,0.161,-0.194,0.161,-0.194,0.161,-0.194,0.812,-0.497,-0.561,231
"phi_236_1",3270,5,0.509,1,0,1,0,1,0,0,1,0,3,0,0,0,0,0,1,0,0,0,0,0,0,0,0,0,1,0,0,0,0,0.693,-1.247,8.778,0,1,1,0,0,0.806,0.452,0.806,0.452,0.806,0.452,0.806,0.452,0.907,0.422,-0.101,232
"phi_237_1",3275,4.6,0.418,1,1,1,0,0,0,0,0,0,0,0,0,0,2,0,0,0,0,0,0,0,0,0,1,0,0,0,0,0,0,1.609,-0.137,7.294,0,0,0,0,0,0.807,0.627,0.807,0.627,0.346,0.058,0.346,0.058,0.989,-0.179,-0.569,233
"phi_238_1",3280,5.5,0.03,1,0,0,0,1,0,0,0,0,3,0,0,3,0,0,0,0,0,0,0,0,0,0,0,1,0,0,0,1,0,0.693,-1.884,7.841,0,1,1,0,0,0.561,0.383,0.561,0.383,0.346,0.058,0.346,0.058,0.865,2.077,-0.34,234
"phi_239_1",3285,0,0.983,1,1,1,0,1,0,0,1,1,0,0,0,0,2,1,1,0,0,0,0,0,0,0,1,0,0,0,0,1,0,2.079,1.535,5.914,0,1,1,0,0,1,0.983,1,0.983,1,0.918,1,0.918,1.086,0.923,-0.165,235
"phi_240_1",3290,8.5,-0.032,1,0,0,0,1,0,0,1,0,3,0,0,3,2,0,1,0,0,0,0,0,0,0,0,0,0,0,0,1,0,0.693,-1.824,8.702,0,1,1,0,0,1,0.914,1,0.914,1,0.816,1,0.816,0.923,2.39,-0.076,236
"phi_241_1",3295,5,0.075,1,1,0,0,0,0,0,1,0,0,0,1,0,0,1,0,0,0,1,0,0,0,0,1,0,0,0,0,0,0,0.693,-2.338,7.124,0,0,0,0,0,0.471,0.1,0.471,0.1,0.269,0.058,0.269,0.058,0.777,-0.345,-0.58,237
"phi_242_1",3300,2.929,0.972,0,1,0,0,1,0,0,0,1,2,1,0,3,3,0,0,0,0,0,0,0,0,0,1,0,0,0,0,1,0,1.099,-3.396,5.529,0,0,1,1,0,0.959,0.842,0.959,0.842,0.885,0.692,0.885,0.692,-1.044,3.392,-0.166,238
"phi_243_1",3305,0,1,0,1,0,0,1,0,0,0,1,0,1,0,3,3,0,0,0,0,0,0,0,0,0,1,0,0,0,0,1,0,0.693,-3.898,6.931,0,0,1,1,0,1,0.905,1,0.905,1,0.857,1,0.857,-1.096,2.799,-0.152,239
"phi_244_1",3310,0.333,1,0,1,0,0,1,0,0,0,1,0,1,0,3,3,0,0,0,0,0,0,0,0,0,1,0,0,0,0,1,0,1.099,-3.549,6.657,0,0,1,1,0,1,0.904,1,0.904,1,0.857,1,0.857,-1.059,2.815,-0.172,240
"phi_245_1",3315,5.5,0.105,1,1,0,0,0,0,0,0,0,0,0,0,0,0,0,0,0,0,0,0,0,0,0,0,0,0,0,0,0,0,0.693,-2.681,7.03,0,0,0,0,0,0.494,0.286,0.494,0.286,0.192,0,0.192,0,0.732,-0.52,-0.575,241
"phi_246_1",3322,10,0.396,1,0,0,1,0,1,0,1,0,0,0,0,0,0,1,1,0.667,0,0.333,0,0,0,0,0,0,0,0,0,0,0,1.099,-1.796,7.32,1,0,0,1,1,0.973,0.837,0.973,0.837,0.959,0.755,0.959,0.755,0.81,-0.479,2.459,242
"phi_247_1",3325,0,0.889,0,1,1,0,1,0,0,0,0,0,0,0,0,0,0,0,0,0,0,0,0,0,0,0,0,0,0,0,0,0,0.693,-7.264,0,0,0,1,1,0,0.962,0.769,0.962,0.769,0.962,0.769,0.962,0.769,-1.464,-0.481,-0.164,243
"phi_248_1",3330,10,0.204,1,1,0,0,1,0,0,1,0,3,0,0,4,0,0,0.5,0,0,1,0,0,0,0,0,0,0,0,0,0,0,0.693,-3.02,8.789,0,0,1,1,1,0.714,0.4,0.714,0.4,0.714,0.4,0.714,0.4,0.765,2.012,0.834,244
"phi_249_1",3340,0,0.798,0,1,0,0,1,1,0,0,1,0,1,1,0,3,0,0,0,0,0,0,0,0,0,0,0,0,0,0,0,1,0.693,-6.029,0,1,0,1,1,1,0.677,0.452,0.677,0.452,0.677,0.452,0.677,0.452,-1.317,1.721,2.109,245
"phi_250_1",3345,0.5,1,0,1,0,0,1,1,0,0,1,2,0,1,0,3,0,0,0,0,0,0,0,0,0,0,0,0,0,0,0,1,0.693,-5.151,7.177,1,0,1,1,1,1,0.968,1,0.968,1,0.968,1,0.968,-1.226,1.787,2.099,246
"phi_251_1",3350,0,0.798,0,0,0,0,1,0,0,0,0,0,0,0,0,0,0,0,0,0,0,0,0,0,0,0,0,0,0,0,0,0,0.693,-4.948,0,0,0,1,1,0,1,0.968,1,0.968,1,0.968,1,0.968,-1.19,-0.488,-0.075,247
"phi_252_1",3355,5,0.192,1,1,0,0,1,0,0,1,0,0,0,1,1,0,0,0,0,0,1,0,0,0,0,0,0,1,0,0,0,0,0.693,-0.377,8.864,0,1,1,0,0,0.615,0.336,0.615,0.336,0.5,0.232,0.5,0.232,1.061,0.027,-0.456,248
"phi_253_1",3360,9,0.77,1,1,0,0,1,0,0,1,0,0,0,1,1,0,0,0,0,0,1,0,0,0,0,0,0,1,0,0,0,0,0.693,-0.113,8.599,0,1,1,0,0,0.948,0.775,0.948,0.775,0.926,0.643,0.926,0.643,0.978,0.056,-0.459,249
"phi_254_1",3365,5,0.17,1,1,0,0,1,0,0,1,0,0,0,1,1,0,0,0,0,0,1,0,0,0,0,0,0,1,0,0,0,0,0.693,-0.118,8.753,0,1,1,0,0,0.732,0.394,0.732,0.394,0.606,0.303,0.606,0.303,1.079,0.019,-0.447,250
"phi_255_1",3370,5,-0.009,1,1,0,0,0,0,0,1,0,0,0,1,1,0,0,0,0,0,1,0,0,0,0,0,0,1,0,0,0,0,0.693,-0.145,8.45,0,0,0,0,0,0.615,0.266,0.615,0.266,0.519,0.056,0.519,0.056,1.069,0.047,-0.586,251
"phi_256_1",3375,10,0.498,1,1,1,0,1,0,0,1,0,3,0,0,0,2,0,0,0,0,1,0,0,1,0,0,1,0,0,1,0,0,0.693,-0.288,8.544,0,1,1,0,0,0.948,0.777,0.948,0.777,0.906,0.742,0.906,0.742,0.994,0.698,-0.473,252
"phi_257_1",3385,3,0.197,1,1,0,0,1,0,0,1,0,3,0,1,4,2,0,0.5,0,0,0,0,0,0,0,0,0,0,0,0,1,0,0.693,-3.406,7.854,0,1,1,0,0,-0.115,-0.288,-0.115,-0.288,-0.115,-0.288,-0.115,-0.288,0.664,2.919,-0.296,253
"phi_258_1",3390,4,0.208,1,0,0,0,1,0,0,1,0,3,1,0,4,2,0,0.5,0,0,0,0,0,0,0,0,0,0,0,0,0,0,0.693,-2.366,8.603,0,1,1,0,0,0.629,0.253,0.629,0.253,0.515,0.121,0.515,0.121,0.823,2.847,-0.222,254
"phi_259_1",3395,2.75,0.635,1,1,0,0,1,0,0,1,1,3,0,0,1,3,0,0.75,0,0,1,0,0,0,0,0,0,0,0,0,1,0,1.386,-1.269,7.492,0,1,1,0,0,0.816,0.592,0.816,0.592,0.515,0.136,0.515,0.136,0.847,2.347,-0.219,255
"phi_260_1",3400,7.875,0.483,0,1,0,0,1,0,0,0,1,3,1,0,3,3,0,0,0,0,0,0,0,0,0,0,0,0,0,0,1,0,1.099,-2.839,5.707,0,0,1,1,0,0.843,0.542,0.843,0.542,0.636,0.318,0.636,0.318,-0.902,3.703,-0.158,256
"phi_261_1",3405,8.455,0.601,1,1,0,0,1,0,0,1,0,3,0,0,0,0,0,0,0,0,1,0,0,0,0,0,0,0,0,0,0,0,1.386,-0.803,6.933,0,0,1,1,1,0.844,0.56,0.844,0.56,0.576,0.25,0.576,0.25,0.893,0.391,0.712,257
"phi_262_1",3410,3,0.27,1,0,0,0,1,0,0,1,1,3,1,0,4,3,0,0.5,0,0,0,0,0,0,0,0,0,0,0,0,1,0,0.693,-2.378,8.126,0,1,1,0,0,0.742,0.435,0.742,0.435,0.636,0.333,0.636,0.333,0.777,4.097,-0.216,258
"phi_263_1",3423,9,0.196,1,1,0,0,1,0,0,0,0,0,0,0,3,0,0,0,0,0,0,0,0,0,0,0,0,0,0,0,0,0,0.693,-2.022,7.992,0,0,1,1,0,0.413,0.03,0.413,0.03,0.346,-0.115,0.346,-0.115,0.822,0.717,-0.157,259
"phi_264_1",3430,0,1,0,1,0,0,1,0,0,0,0,0,0,0,0,3,0,0,0,0,0,0,0,0,0,0,0,0,0,0,0,0,1.099,-5.268,6.334,0,0,1,1,0,0.978,0.863,0.978,0.863,0.925,0.736,0.925,0.736,-1.241,-0.005,-0.141,260
"phi_265_1",3435,3.5,0.214,1,1,0,0,0,0,0,0,0,3,0,0,1,3,0,0,0,0,0,0,0,0,0,0,0,0,0,0,1,0,0.693,-2.815,7.767,0,0,0,0,0,0.422,0.098,0.422,0.098,0.303,-0.136,0.303,-0.136,0.743,1.718,-0.585,261
"phi_266_1",3440,0,0.684,1,0,1,0,1,0,0,0,0,0,0,0,0,0,0,0,0,0,0,0,0,0,0,1,0,0,0,0,0,0,0.693,-1.02,0,0,0,1,1,0,NA,NA,NA,NA,NA,NA,NA,NA,0.818,-0.482,-0.073,262
"phi_267_1",3445,0,0.642,1,0,1,0,1,0,0,0,0,0,0,1,0,0,0,0,0,0,0,0,0,0,0,0,0,0,0,0,0,0,0.693,-1.518,0,0,0,1,1,0,NA,NA,NA,NA,NA,NA,NA,NA,0.764,-0.338,-0.084,263
"phi_268_1",3455,1.174,0.971,0,1,1,0,1,0,0,0,0,0,0,0,0,3,0,0,0,0,0,0,0,0,0,1,0,0,0,0,0,0,2.639,-2.881,7.309,0,0,1,1,0,0.954,0.836,0.954,0.836,0.833,0.66,0.833,0.66,-0.93,0.01,-0.162,264
"phi_269_1",3460,3.538,0.38,1,1,0,0,0,0,0,1,0,0,0,0,0,0,0,0,0,0,1,0,0,0,0,0,0,0,0,0,0,0,2.565,2.052,8.212,0,0,0,0,0,0.555,0.249,0.555,0.249,-0.212,-0.439,-0.212,-0.439,1.289,-0.497,-0.546,265
"phi_272_1",3470,8,0.982,1,1,0,0,0,0,0,0,0,0,0,0,3,2,0,0,0,0,0,0,0,0,0,0,0,0,0,0,1,0,0.693,-1.588,0,0,0,0,0,0,NA,NA,NA,NA,NA,NA,NA,NA,0.714,1.455,-0.576,266
"phi_273_1",3475,3,0.229,1,1,0,0,0,0,0,0,0,3,0,0,1,0,0,0,0,0,0,0,0,0,0,0,0,0,0,0,1,0,0.693,-2.452,7.992,0,0,0,0,0,0.583,0.039,0.59,0.078,0.5,0.031,0.5,0.031,0.753,1.267,-0.584,267
"phi_274_1",3480,5,-0.002,1,0,0,0,1,0,0,0,0,3,0,0,4,2,0,0,0,0,0,0,0,0,0,1,0,0,0,0,1,0,0.693,-0.444,8.24,0,1,1,0,0,0.952,0.61,0.9,0.57,0.905,0.595,0.796,0.488,1.034,2.799,-0.344,268
"phi_276_1",3490,0.867,1,0,1,0,0,1,0,0,1,0,0,1,0,0,2,0,0,0,0,1,0,0,0,0,0,0,1,0,0,1,0,1.386,-4.711,4.583,0,0,1,1,0,0.993,0.945,0.984,0.921,0.938,0.875,0.913,0.808,-1.177,0.801,-0.174,269
"phi_277_1",3500,0,0.975,1,0,0,0,1,0,0,1,0,0,0,0,0,0,0,0.5,0,0,0,0,0,0,0,1,0,0,0,0,0,0,0.693,-1.048,6.389,0,0,1,1,0,NA,NA,NA,NA,NA,NA,NA,NA,0.768,-0.483,0.077,270
"phi_278_1",3505,10,0.229,1,1,0,0,1,0,0,0,0,3,1,0,3,0,0,0,0,0,0,0,0,0,0,1,0,0,0,0,0,0,0.693,-2.603,7.169,0,0,1,1,1,0.952,0.929,0.952,0.929,0.952,0.929,0.952,0.929,0.753,2.123,0.673,271
"phi_279_1",3520,0,0.985,1,0,0,0,1,0,0,1,0,0,0,0,0,0,1,1,0,0,0,0,0,0,0,1,0,0,0,0,0,0,0.693,-1.724,0,0,0,1,1,0,1,1,1,1,1,1,1,1,0.702,-0.479,0.175,272
"phi_280_1",3525,6,0.922,0,0,0,0,1,0,0,0,0,3,0,0,0,2,0,0,0,0,0,0,0,0,0,0,0,0,0,0,1,0,0.693,-6.091,0,0,0,1,1,1,0.854,0.683,0.854,0.683,0.854,0.683,0.854,0.683,-1.332,1.19,0.774,273
"phi_281_1",3535,0,0.892,1,0,0,0,1,0,0,0,0,0,0,0,0,0,0,0,0,0,0,0,0,0,0,1,0,0,0,0,0,0,0.693,-0.167,0,0,0,1,1,1,0.992,0.966,0.992,0.966,0.962,0.904,0.962,0.904,0.883,-0.492,0.774,274
"phi_283_1",3540,0,1,0,0,0,0,1,0,0,1,0,0,0,0,0,0,1,1,0,0,0,0,0,0,0,1,0,0,0,0,0,0,0.693,-2.385,0,0,0,1,1,0,1,0.984,1,0.984,1,0.955,1,0.955,-0.957,-0.526,0.19,275
"phi_284_1",3545,0,1,0,0,0,0,1,0,0,1,0,0,0,0,0,0,1,1,0,0,0,0,0,0,0,1,0,0,0,0,0,0,0.693,-2.416,0,0,0,1,1,0,NA,NA,NA,NA,NA,NA,NA,NA,-0.955,-0.44,0.205,276
"phi_285_1",3550,0,1,0,0,0,0,1,0,0,0,0,0,0,0,0,0,1,0,0,0,0,0,0,0,0,1,0,0,0,0,0,0,0.693,-2.607,0,0,0,1,1,0,NA,NA,NA,NA,NA,NA,NA,NA,-0.979,-0.515,-0.069,277
"phi_286_1",3555,0,1,0,0,0,0,1,0,0,0,0,0,0,0,0,0,1,0,0,0,0,0,0,0,0,1,0,0,0,0,0,0,0.693,-2.701,6.509,0,0,1,1,0,1,0.963,1,0.963,1,0.955,1,0.955,-0.957,-0.514,-0.086,278
"phi_287_1",3560,0,0.984,1,1,0,0,1,0,0,0,0,0,0,0,0,0,0,0,0,0,0,0,0,0,0,1,0,0,0,0,0,0,0.693,-0.368,6.111,0,0,1,1,0,1,0.974,1,0.974,1,0.942,1,0.942,0.859,-0.481,-0.147,279
"phi_288_1",3565,0,0.999,0,0,0,0,1,0,0,0,0,0,0,0,0,0,1,0,0,0,0,0,0,0,0,1,0,0,0,0,0,0,0.693,-2.946,6.064,0,0,1,1,0,NA,NA,NA,NA,NA,NA,NA,NA,-1.017,-0.471,-0.066,280
"phi_289_1",3570,0,1,0,1,0,0,1,0,0,0,0,0,1,0,0,3,0,0,0,0,0,0,0,0,0,1,0,0,0,0,1,0,1.099,-2.553,5.918,0,0,1,1,0,0.944,0.864,0.944,0.864,0.909,0.791,0.909,0.791,-0.967,0.988,-0.158,281
"phi_290_1",3575,0,1,0,1,0,0,1,0,0,0,0,0,0,0,0,0,1,0,0,0,0,0,0,0,0,1,0,0,0,0,0,0,0.693,-3.021,6.712,0,0,1,1,0,NA,NA,NA,NA,NA,NA,NA,NA,-1.026,-0.453,-0.168,282
"phi_291_1",3580,0,0.984,1,1,0,0,1,0,0,0,0,0,0,0,0,0,0,0,0,0,0,0,0,0,0,1,0,0,0,0,0,0,0.693,-0.362,0,0,0,1,1,0,1,0.984,1,0.984,1,0.955,1,0.955,0.84,-0.526,-0.158,283
"phi_292_1",3585,9.5,0.334,1,1,0,0,0,0,0,0,0,3,0,0,3,0,0,0,0,0,0,0,0,0,0,1,0,0,0,0,0,0,0.693,-2.394,8.708,0,0,0,0,0,0.625,0.337,0.625,0.337,0.552,0.254,0.552,0.254,0.81,1.607,-0.582,284
"phi_293_1",3590,0,0.963,0,1,0,0,1,0,0,0,0,0,0,1,0,3,0,0,0,0,0,0,0,0,0,0,0,1,0,0,0,0,1.099,-5.402,5.941,0,0,1,1,1,0.936,0.686,0.936,0.686,0.885,0.558,0.885,0.558,-1.243,0.123,0.631,285
"phi_294_1",3595,0,1,0,0,0,0,1,0,0,0,0,0,0,0,0,0,1,0,0,0,0,0,0,0,0,1,0,0,0,0,0,0,0.693,-3.261,6.498,0,0,1,1,0,1,0.972,1,0.972,1,0.955,1,0.955,-1.048,-0.475,-0.057,286
"phi_295_1",3600,0,1,0,0,0,0,1,0,0,0,0,0,0,0,0,0,1,0,0,0,0,0,0,0,0,1,0,0,0,0,0,0,0.693,-2.934,5.829,0,0,1,1,0,1,0.957,1,0.957,1,0.955,1,0.955,-1.014,-0.477,-0.055,287
"phi_296_1",3605,0,1,0,0,0,0,1,0,0,0,0,0,0,0,0,0,1,0,0,0,0,0,0,0,0,1,0,0,0,0,0,0,0.693,-3.189,0,0,0,1,1,0,1,0.972,1,0.972,1,0.955,1,0.955,-1.051,-0.485,-0.069,288
"phi_297_1",3610,0,1,0,0,0,0,1,0,0,0,0,0,0,0,0,0,0,0,0,0,0,0,0,0,0,1,0,0,0,0,0,0,0.693,-3.01,6.509,0,0,1,1,0,0.962,0.842,0.962,0.842,0.885,0.827,0.885,0.827,-1.01,-0.453,-0.073,289
"phi_298_1",3620,0,1,0,1,0,0,1,0,0,0,0,0,0,0,0,0,0,0,0,0,0,0,0,0,0,1,0,0,0,0,0,0,0.693,-4.183,5.974,0,0,1,1,0,1,0.955,1,0.955,1,0.909,1,0.909,-1.145,-0.478,-0.169,290
"phi_299_1",3625,0,0.983,1,1,0,0,1,0,0,0,0,0,0,0,0,0,0,0,0,0,0,0,0,0,0,1,0,0,0,0,0,0,0.693,-1.702,0,0,0,1,1,0,1,1,1,1,1,1,1,1,0.697,-0.463,-0.155,291
"phi_300_1",3630,0,0.983,1,1,0,0,1,0,0,0,0,0,0,0,0,0,0,0,0,0,0,0,0,0,0,1,0,0,0,0,0,0,0.693,-1.714,0,0,0,1,1,0,1,0.836,1,0.836,1,0.836,1,0.836,0.699,-0.49,-0.151,292
"phi_301_1",3635,5,0.42,1,1,0,0,0,0,0,1,0,3,0,1,4,2,0,0,0,0,0,0,0,0,1,1,0,0,0,0,1,0,0.693,-1.66,8.24,0,0,0,0,0,0.761,0.433,0.761,0.433,0.761,0.433,0.761,0.433,0.841,2.913,-0.496,293
"phi_302_1",3642,4,-0.139,1,1,0,0,0,0,0,0,0,0,0,0,0,1,0,0,0,0,0,0,0,0,0,0,0,0,0,0,0,0,0.693,-1.625,7.036,0,0,0,0,0,0.313,-0.164,0.313,-0.164,0.313,-0.164,0.313,-0.164,0.881,-0.34,-0.57,294
"phi_303_1",3645,0,1,0,0,0,0,1,0,0,0,0,0,0,0,0,0,0,0,0,0,0,0,0,0,0,1,0,0,0,0,0,0,0.693,-3.883,6.38,0,0,1,1,0,1,0.851,1,0.851,1,0.851,1,0.851,-1.109,-0.485,-0.054,295
"phi_304_1",3650,0,1,0,0,0,0,1,0,0,0,0,0,0,0,0,0,0,0,0,0,0,0,0,0,0,1,0,0,0,0,0,0,0.693,-4.563,0,0,0,1,1,0,1,0.836,1,0.836,1,0.836,1,0.836,-1.181,-0.491,-0.081,296
"phi_306_1",3665,5,-0.17,1,1,0,0,0,0,0,0,0,0,0,0,0,1,0,0,0,0,0,0,0,0,0,0,0,0,0,0,0,0,0.693,-0.594,8.309,0,0,0,0,0,0.633,0.19,0.633,0.19,0.556,0.151,0.556,0.151,1.039,-0.335,-0.579,297
"phi_307_1",3670,0,0.537,1,1,1,0,0,0,0,0,0,0,0,1,3,0,0,0,0,0,0,0,0,0,0,1,0,0,0,0,0,0,0.693,-0.617,7.037,0,0,0,0,0,0.857,0.63,0.857,0.63,0.835,0.578,0.835,0.578,0.904,0.844,-0.578,298
"phi_308_1",3675,4.5,0.725,1,1,1,1,0,0,0,1,0,0,0,1,0,0,0,0,0,0,1,0,0,0,0,1,0,0,0,0,0,0,0.693,-0.391,7.703,0,0,0,0,0,0.842,0.619,0.842,0.619,0.817,0.56,0.817,0.56,0.909,-0.344,-0.607,299
"phi_309_1",3680,0,1,0,0,0,0,1,0,0,0,0,0,0,0,0,0,0,0,0,0,0,0,0,0,0,1,0,0,0,0,0,0,0.693,-3.711,0,0,0,1,1,0,0.936,0.717,0.936,0.717,0.872,0.679,0.872,0.679,-1.11,-0.469,-0.082,300
"phi_310_1",3685,8.5,0.736,0,1,1,1,0,0,0,1,0,0,0,1,0,0,0,0,0,0,1,0,0,0,0,1,0,0,0,0,0,0,0.693,-2.139,0,0,0,0,0,0,NA,NA,NA,NA,NA,NA,NA,NA,-0.878,-0.349,-0.612,301
"phi_311_1",3690,0,0.538,1,1,1,0,0,0,0,0,0,0,0,1,0,0,0,0,0,0,0,0,0,0,0,1,0,0,0,0,0,0,0.693,-1.059,6.977,0,0,0,0,0,0.895,0.682,0.895,0.682,0.853,0.651,0.853,0.651,0.849,-0.365,-0.562,302
"phi_312_1",3695,0,1,0,0,0,0,1,0,0,0,0,0,0,0,0,0,0,0,0,0,0,0,0,0,0,1,0,0,0,0,0,0,0.693,-3.374,6.693,0,0,1,1,0,1,0.755,1,0.755,1,0.755,1,0.755,-1.073,-0.498,-0.08,303
"phi_315_1",3730,4.2,0.4,1,0,0,0,1,0,0,0,0,3,0,0,3,3,0,0,0,0,0,0,0,0,0,0,0,1,0,0,1,0,0.693,-2.123,7.871,0,1,1,0,0,0.77,0.262,0.77,0.262,0.684,0.118,0.684,0.118,0.79,2.534,-0.376,304
"phi_316_1",3735,0,0.402,1,1,1,0,0,0,0,0,0,0,0,0,3,0,0,0,0,0,0,0,0,0,0,1,0,0,0,0,0,0,0.693,-0.356,8.07,0,0,0,0,0,0.833,0.65,0.833,0.65,0.8,0.602,0.8,0.602,0.976,0.709,-0.563,305
"phi_317_1",3745,0,0.9,1,1,0,0,1,0,0,0,0,0,0,0,0,0,0,0,0,0,0,0,0,0,0,1,0,0,0,0,0,0,0.693,-0.304,6.389,0,0,1,1,0,1,0.985,1,0.985,1,0.963,1,0.963,0.876,-0.492,-0.16,306
"phi_319_1",3750,9.75,0.424,1,1,0,0,1,0,0,1,0,3,1,1,4,3,0,1,0,0,0,0,0,0,1,1,0,0,0,0,1,0,0.693,-0.789,8.24,0,0,1,1,0,0.746,0.327,0.746,0.327,0.685,0.18,0.685,0.18,0.943,3.553,0.182,307
"phi_320_1",3758,0,0.959,0,1,0,0,1,0,0,0,0,0,0,0,0,2,0,0,0,0,0,0,0,0,0,1,0,0,0,0,1,0,0.693,-3.53,0,0,0,1,1,0,0.994,0.959,0.994,0.959,0.981,0.917,0.981,0.917,-1.082,0.292,-0.147,308
"phi_321_1",3760,5,-0.122,1,1,0,0,0,0,0,0,0,0,0,0,0,1,0,0,0,0,0,0,0,0,0,0,0,0,0,0,0,0,0.693,-0.636,6.413,0,0,0,0,0,0.658,0.243,0.658,0.243,0.574,0.139,0.574,0.139,0.986,-0.303,-0.569,309
"phi_322_1",3765,0,0.563,1,1,1,0,0,0,0,0,0,0,0,1,0,0,0,0,0,0,0,0,0,0,0,1,0,0,0,0,0,0,0.693,-0.639,8.288,0,0,0,0,0,0.964,0.885,0.964,0.885,0.926,0.75,0.926,0.75,0.936,-0.357,-0.573,310
"phi_323_1",3770,0,1,0,1,0,0,1,0,0,0,0,0,0,0,0,0,0,0,0,0,0,0,0,0,0,1,0,0,0,0,0,0,0.693,-3.625,6.064,0,0,1,1,0,1,0.967,1,0.967,1,0.944,1,0.944,-1.09,-0.491,-0.16,311
"phi_324_1",3775,0,0.564,1,1,1,0,0,0,0,0,0,0,0,1,0,0,0,0,0,0,0,0,0,0,0,1,0,0,0,0,0,0,0.693,-1.052,8.52,0,0,0,0,0,0.816,0.601,0.816,0.601,0.815,0.592,0.815,0.592,0.881,-0.35,-0.587,312
"phi_325_1",3780,0,1,0,1,0,0,1,0,0,0,0,0,0,0,0,0,0,0,0,0,0,0,0,0,0,1,0,0,0,0,0,0,0.693,-2.993,0,0,0,1,1,0,1,0.919,1,0.919,1,0.88,1,0.88,-1.019,-0.471,-0.17,313
"phi_326_1",3785,0.615,0.991,0,1,1,0,1,0,0,0,0,0,0,0,0,3,0,0,0,0,0,0,0,0,0,0,0,1,0,0,1,0,1.946,-3.442,6.347,0,1,1,0,0,0.99,0.912,0.99,0.912,0.959,0.796,0.959,0.796,-1.018,0.431,-0.466,314
"phi_327_1",3790,4,0.394,1,0,0,0,1,0,0,0,0,3,0,0,3,0,0,0,0,0,0,0,0,0,0,0,0,1,0,0,0,0,0.693,-3.066,8.154,0,0,1,1,0,0.826,0.526,0.826,0.526,0.815,0.398,0.815,0.398,0.689,1.613,-0.097,315
"phi_328_1",3795,5,0.519,1,0,0,0,1,0,0,1,0,3,0,0,0,3,0,0.5,0,0,0,0,0,0,0,1,0,0,0,0,1,0,0.693,-1.277,7.639,0,1,1,0,0,0.737,0.306,0.737,0.306,0.714,0.306,0.714,0.306,0.846,1.329,-0.216,316
"phi_329_1",3800,0,1,0,1,0,0,1,0,0,0,0,0,0,0,0,0,0,0,0,0,0,0,0,0,0,1,0,0,0,0,0,0,0.693,-3.631,6.712,0,0,1,1,0,1,0.972,1,0.972,1,0.954,1,0.954,-1.08,-0.483,-0.16,317
"phi_330_1",3805,0,1,0,1,0,0,1,0,0,0,0,0,0,0,0,0,0,0,0,0,0,0,0,0,0,1,0,0,0,0,0,0,0.693,-3.297,0,0,0,1,1,0,1,0.977,1,0.977,1,0.954,1,0.954,-1.054,-0.48,-0.154,318
"phi_331_1",3807,0,1,0,0,0,0,1,0,0,0,0,0,0,0,0,0,1,0,0,0,0,0,0,0,0,0,0,0,0,0,0,0,1.386,-3.067,7.447,0,0,1,1,0,0.983,0.939,0.983,0.939,0.939,0.888,0.939,0.888,-0.98,-0.488,-0.064,319
"phi_332_1",3820,0,0.665,0,1,1,0,0,0,0,0,0,0,0,1,0,0,0,0,0,0,0,0,0,0,0,1,0,0,0,0,0,0,0.693,-5.327,8.473,0,0,0,0,0,0.815,0.611,0.815,0.611,0.815,0.611,0.815,0.611,-1.15,-0.344,-0.581,320
"phi_333_1",3825,0,0.561,1,1,0,0,0,0,0,1,0,0,0,0,0,0,0,0,0,0,1,0,0,0,0,1,0,0,0,0,0,0,0.693,-1.708,7.67,0,0,0,0,0,1,0.917,1,0.917,1,0.917,1,0.917,0.788,-0.478,-0.553,321
"phi_334_1",3830,4,0.428,1,0,0,0,1,0,0,0,0,0,0,0,3,0,0,0,0,0,0,0,0,0,0,0,0,1,0,0,0,0,0.693,-3.753,8.492,0,1,1,0,0,0.944,0.741,0.944,0.741,0.944,0.741,0.944,0.741,0.633,0.728,-0.36,322
"phi_335_1",3835,0,0.563,1,1,1,0,0,0,0,0,0,0,0,1,0,0,0,0,0,0,0,0,0,0,0,1,0,0,0,0,0,0,0.693,-1.739,7.874,0,0,0,0,0,0.778,0.546,0.778,0.546,0.778,0.546,0.778,0.546,0.788,-0.349,-0.577,323
"phi_336_1",3840,0,0.523,1,1,1,0,0,0,0,0,0,0,0,1,0,0,0,0,0,0,0,0,0,0,0,1,0,1,0,0,0,0,0.693,-1.749,0,0,0,0,0,0,0.87,0.667,0.87,0.667,0.87,0.667,0.87,0.667,0.752,-0.354,-0.576,324
"phi_338_1",3845,0,0.685,0,1,1,0,0,0,0,0,0,0,0,1,0,0,0,0,0,0,0,0,0,0,0,1,0,0,0,0,0,0,0.693,-3.503,8.622,0,0,0,0,0,0.843,0.761,0.843,0.761,0.791,0.714,0.791,0.714,-0.957,-0.365,-0.549,325
"phi_339_1",3855,0,0.522,1,1,1,0,0,0,0,0,0,0,0,1,0,0,0,0,0,0,0,0,0,0,0,1,0,0,0,0,0,0,0.693,-0.672,7.814,0,0,0,0,0,0.819,0.709,0.819,0.709,0.728,0.585,0.728,0.585,0.919,-0.314,-0.583,326
"phi_340_1",3860,0,0.926,0,0,0,0,1,0,0,0,0,0,0,1,1,2,0,0,0,0,0,0,0,0,0,0,0,0,0,0,0,0,0.693,-5.571,0,0,0,1,1,0,1,0.963,1,0.963,1,0.955,1,0.955,-1.287,0.38,-0.069,327
"phi_341_1",3863,0,0.887,0,1,0,0,1,1,0,0,1,0,0,0,0,3,1,0,0,0,0,0,0,0,0,0,0,0,0,0,0,1,0.693,-5.279,7.198,1,0,1,1,1,1,0.99,1,0.99,1,0.99,1,0.99,-1.22,1.078,2.103,328
"phi_342_1",3865,10,0.446,0,1,1,1,1,0,0,1,0,0,0,1,0,2,0,0,0,0,1,0,0,0,0,1,0,0,0,0,0,0,0.693,-3.259,6.064,0,1,1,0,0,0.7,0.298,0.7,0.298,0.672,0.276,0.672,0.276,-0.969,-0.02,-0.46,329
"phi_343_1",3870,0,0.677,0,1,1,0,0,0,0,0,0,0,0,1,0,0,0,0,0,0,0,0,0,0,0,1,0,0,0,0,0,0,0.693,-4.219,7.967,0,0,0,0,0,0.776,0.683,0.776,0.683,0.746,0.68,0.746,0.68,-1.06,-0.347,-0.558,330
"phi_344_1",3875,0,0.687,0,1,1,0,0,0,0,0,0,0,0,1,0,0,0,0,0,0,0,0,0,0,0,1,0,0,0,0,0,0,0.693,-4.615,8.547,0,0,0,0,0,0.866,0.776,0.866,0.776,0.791,0.746,0.791,0.746,-1.074,-0.362,-0.581,331
"phi_345_1",3880,0,0.51,1,1,1,0,0,0,0,0,0,0,0,1,0,0,0,0,0,0,0,0,0,0,0,1,0,0,0,0,0,0,0.693,-1.058,6.852,0,0,0,0,0,0.805,0.708,0.805,0.708,0.746,0.679,0.746,0.679,0.855,-0.336,-0.568,332
"phi_346_1",3890,0,0.569,1,1,1,0,0,0,0,0,0,0,0,1,0,0,0,0,0,0,0,0,0,0,0,1,0,0,0,0,0,0,0.693,-1.765,8.199,0,0,0,0,0,0.776,0.716,0.776,0.716,0.776,0.716,0.776,0.716,0.803,-0.349,-0.556,333
"phi_347_1",3895,1.214,0.996,0,0,0,0,1,0,0,1,0,0,0,0,0,3,0,1,0,0,0,0,0,0,0,0,0,1,0,0,1,0,2.639,-1.966,6.594,0,1,1,0,0,0.996,0.917,0.996,0.917,0.97,0.813,0.97,0.813,-0.847,0.442,-0.113,334
"phi_350_1",3905,0,0.613,0,1,1,0,0,0,0,0,0,0,0,0,0,0,0,0,0,0,0,0,0,0,0,1,0,0,0,0,0,0,0.693,-4.663,8.041,0,0,0,0,0,0.806,0.739,0.806,0.739,0.806,0.739,0.806,0.739,-1.097,-0.493,-0.577,335
"phi_351_1",3910,0,0.444,1,1,1,1,0,0,0,1,0,0,0,0,0,0,0,0,0,0,0,0,0,1,0,0,0,0,0,0,0,0,0.693,-1.767,7.016,0,0,0,0,0,0.701,0.619,0.701,0.619,0.701,0.619,0.701,0.619,0.779,-0.495,-0.7,336
"phi_352_1",3915,0,0.684,0,1,1,0,0,0,0,0,0,0,0,0,0,0,0,0,0,0,0,0,0,0,0,1,0,0,0,0,0,0,0.693,-5.297,8.272,0,0,0,0,0,0.821,0.739,0.821,0.739,0.821,0.739,0.821,0.739,-1.153,-0.5,-0.583,337
"phi_353_1",3920,0,0.613,0,1,1,0,0,0,0,0,0,0,0,1,0,0,0,0,0,0,0,0,0,0,0,1,0,0,0,0,0,0,0.693,-5.445,7.801,0,0,0,0,0,0.806,0.739,0.806,0.739,0.806,0.739,0.806,0.739,-1.183,-0.349,-0.576,338
"phi_354_1",3925,9.5,0.153,1,1,0,0,1,0,0,1,0,0,0,0,0,2,1,0.5,0,0,1,0,0,0,0,0,0,1,0,0,1,0,0.693,-1.968,8.684,0,0,1,1,1,0.94,0.694,0.94,0.694,0.94,0.694,0.94,0.694,0.883,0.245,0.775,339
"phi_355_1",3930,4.5,1,0,1,0,0,1,1,0,0,1,2,0,1,0,3,0,0,0,0,0,0,0,0,0,0,0,0,0,0,0,1,0.693,-7.419,0,1,0,1,1,1,1,0.978,1,0.978,1,0.978,1,0.978,-1.487,1.809,2.111,340
"phi_356_1",3955,3.5,0.856,0,0,1,1,0,0,0,0,0,0,0,0,0,2,0,0,0,0,0,0,0,0,0,0,0,0,0,0,0,0,0.693,-3.663,0,0,0,0,0,0,1,1,1,1,1,1,1,1,-1.063,-0.184,-0.533,341
"phi_357_1",3960,0,0.979,0,1,0,0,1,0,0,0,0,0,0,0,0,3,1,0,0,0,0,0,0,0,0,0,0,0,0,0,0,0,0.693,-4.189,7.054,0,0,1,1,0,0.926,0.872,0.926,0.872,0.907,0.852,0.907,0.852,-1.13,-0.017,-0.159,342
"phi_358_1",3963,0,0.894,0,0,0,1,1,0,0,0,0,0,0,0,0,2,0,0,0,0,0,0,0,0,0,1,0,0,0,0,0,0,0.693,-5.166,5.407,0,0,1,1,0,0.956,0.918,0.956,0.918,0.934,0.89,0.934,0.89,-1.226,-0.183,-0.121,343
"phi_359_1",3970,0,0.592,0,1,1,0,0,0,0,0,0,0,0,1,0,0,0,0,0,0,0,0,0,0,0,1,0,0,0,0,0,0,0.693,-4.101,6.855,0,0,0,0,0,0.89,0.848,0.89,0.848,0.884,0.839,0.884,0.839,-1.071,-0.354,-0.579,344
"phi_361_1",3995,0.2,0.963,0,1,0,0,1,0,0,0,0,0,0,0,0,3,0,0,0,0,0,0,0,0,0,0,0,0,0,0,0,0,1.609,-3.157,6.44,0,0,1,1,0,0.995,0.965,0.995,0.965,0.983,0.932,0.983,0.932,-1.004,-0.028,-0.158,345
"phi_362_1",4005,8,0.478,1,1,1,0,0,0,0,0,0,0,0,0,0,1,0,0,0,0,0,0,0,0,0,1,0,0,0,0,1,0,0.693,-1.034,7.152,0,0,0,0,0,0.713,0.381,0.713,0.381,0.488,0.151,0.488,0.151,0.867,0.15,-0.581,346
"phi_363_1",4010,7.889,0.397,1,1,1,1,0,0,0,1,0,0,0,0,0,1,0,0,0,0,0,0,0,0,0,1,0,0,0,0,0,0,0.693,-0.574,6.659,0,0,0,0,0,0.891,0.551,0.891,0.551,0.674,0.302,0.674,0.302,0.919,-0.347,-0.625,347
"phi_364_1",4015,7.889,0.386,1,1,1,1,0,0,0,1,0,0,0,0,0,1,0,0,0,0,0,0,1,0,0,1,0,0,0,0,0,0,0.693,-0.669,7.215,0,0,0,0,0,0.895,0.564,0.895,0.564,0.698,0.36,0.698,0.36,0.927,-0.341,-0.625,348
"phi_365_1",4020,5,0.099,0,0,0,0,1,0,0,0,0,3,0,0,0,2,1,0,0,0,0,0,0,0,0,0,0,1,0,0,0,0,0.693,-2.969,8.773,0,0,1,1,0,0.767,0.449,0.767,0.449,0.703,0.365,0.703,0.365,-0.784,0.748,-0.099,349
"phi_366_1",4025,8.5,0.423,1,1,0,0,0,0,0,1,0,0,0,0,0,1,0,0,0,0,0,0,0,1,0,1,0,0,0,0,0,0,0.693,-2.014,6.746,0,0,0,0,0,0.972,0.796,0.972,0.796,0.919,0.765,0.919,0.765,0.76,-0.334,-0.653,350
"phi_367_1",4030,0,0.983,0,1,0,0,1,0,0,0,0,3,0,0,0,3,0,0,0,0,0,0,0,0,0,0,0,0,0,0,1,0,0.693,-3.911,0,0,1,1,0,0,0.992,0.97,0.992,0.97,0.969,0.941,0.969,0.941,-1.113,1.323,-0.438,351
"phi_368_1",4035,9,0.454,1,1,1,0,0,0,0,0,0,0,0,0,0,1,0,0,0,0,0,0,0,0,0,1,0,0,0,0,0,0,0.693,-1.776,0,0,0,0,0,0,1,0.916,1,0.916,1,0.838,1,0.838,0.765,-0.303,-0.583,352
"phi_369_1",4045,10,0.484,0,1,0,0,0,0,0,0,0,0,0,0,0,1,0,0,0,0,0,0,0,0,0,1,0,0,0,0,1,0,0.693,-2.369,6.227,0,0,0,0,0,1,0.93,1,0.93,1,0.878,1,0.878,-0.848,0.123,-0.567,353
"phi_370_1",4050,7.5,0.479,0,1,1,0,0,0,0,1,0,0,0,0,0,2,0,0,0,0,0,0,0,1,0,1,0,0,0,0,0,0,0.693,-2.239,6.564,0,0,0,0,0,1,0.934,1,0.934,1,0.905,1,0.905,-0.864,-0.212,-0.65,354
"phi_371_1",4060,9.5,0.452,1,1,0,0,0,0,0,1,0,0,0,0,0,1,0,0,0,0,0,0,0,1,0,1,0,0,0,0,1,0,0.693,-2.257,6.657,0,0,0,0,0,0.965,0.796,0.965,0.796,0.946,0.769,0.946,0.769,0.725,0.129,-0.657,355
"phi_372_1",4065,7,0.479,0,1,1,1,0,0,0,1,0,0,0,0,0,0,0,0,0,0,0,0,0,0,0,1,0,0,0,0,0,0,0.693,-2.526,6.146,0,0,0,0,0,0.938,0.722,0.938,0.722,0.892,0.635,0.892,0.635,-0.888,-0.508,-0.626,356
"phi_373_1",4070,8.667,0.398,1,1,0,0,0,0,0,1,0,0,0,0,0,1,0,0,0,0,0,0,0,1,0,1,0,0,0,0,1,0,0.693,-1.797,6.387,0,0,0,0,0,0.971,0.79,0.971,0.79,0.941,0.75,0.941,0.75,0.77,0.099,-0.645,357
"phi_374_1",4075,8.167,0.979,0,1,0,0,0,0,0,0,0,0,0,0,0,1,0,0,0,0,0,0,0,0,0,1,0,0,0,0,0,0,0.693,-2.55,0,0,0,0,0,0,1,0.966,1,0.966,1,0.953,1,0.953,-0.961,-0.325,-0.581,358
"phi_375_1",4080,9,0.963,0,1,0,0,0,0,0,0,0,0,0,0,0,1,0,0,0,0,0,0,0,0,0,1,0,0,0,0,1,0,0.693,-3.061,5.829,0,0,0,0,0,1,0.94,1,0.94,1,0.905,1,0.905,-1.031,0.137,-0.57,359
"phi_376_1",4085,9,0.484,0,1,1,1,0,0,0,1,0,0,0,0,0,1,0,0,0,0,0,0,0,1,0,1,0,0,0,0,0,0,0.693,-3.727,0,0,0,0,0,0,1,0.826,1,0.826,1,0.784,1,0.784,-1.027,-0.341,-0.688,360
"phi_377_1",4090,9,0.484,1,1,1,0,0,0,0,0,0,0,0,0,0,0,0,0,0,0,0,0,0,0,0,1,0,0,0,0,0,0,0.693,-1.961,6.712,0,0,0,0,0,1,0.929,1,0.929,1,0.878,1,0.878,0.753,-0.481,-0.57,361
"phi_378_1",4095,9,0.454,0,1,0,0,0,0,0,0,0,0,0,0,0,1,0,0,0,0,0,0,0,0,0,1,0,0,0,0,0,0,0.693,-2.1,6.709,0,0,0,0,0,1,0.936,1,0.936,1,0.919,1,0.919,-0.839,-0.333,-0.561,362
"phi_379_1",4100,9.167,0.433,0,1,1,0,0,0,0,0,0,0,0,0,0,1,0,0,0,0,0,0,0,0,0,1,0,0,0,0,0,0,0.693,-2.375,7.023,0,0,0,0,0,1,0.864,1,0.864,1,0.797,1,0.797,-0.857,-0.331,-0.572,363
"phi_380_1",4105,7,0.447,1,1,0,0,0,0,0,1,0,0,0,0,0,1,0,0,0,0,0,0,0,1,0,1,0,0,0,0,0,0,0.693,-2.14,7.06,0,0,0,0,0,0.965,0.787,0.965,0.787,0.941,0.75,0.941,0.75,0.747,-0.333,-0.652,364
"phi_381_1",4110,7.5,0.479,0,1,0,1,0,0,0,1,0,0,0,0,0,0,0,0,0,0,0,0,0,1,0,1,0,0,0,0,0,0,0.693,-3.301,6.14,0,0,0,0,0,1,0.842,1,0.842,1,0.77,1,0.77,-0.97,-0.517,-0.706,365
"phi_382_1",4120,8,0.818,0,1,1,1,0,0,0,1,0,0,0,0,0,1,0,0,0,0,0,0,0,0,0,1,0,0,0,0,0,0,0.693,-2.416,0,0,0,0,0,0,0.944,0.663,0.944,0.663,0.92,0.615,0.92,0.615,-0.923,-0.354,-0.635,366
"phi_383_1",4130,6.125,0.703,1,1,1,0,0,0,0,1,0,3,0,1,0,2,0,0,0,0,0,0,0,1,0,1,0,0,0,0,0,0,0.693,-1.253,6.394,0,0,0,0,0,0.971,0.721,0.971,0.721,0.969,0.632,0.969,0.632,0.811,0.864,-0.641,367
"phi_384_1",4135,9,0.377,0,1,0,0,0,0,0,1,0,0,0,0,0,1,0,0,0,0,0,0,0,1,0,1,0,0,0,0,0,0,0.693,-2.661,6.323,0,0,0,0,0,1,0.956,1,0.956,1,0.926,1,0.926,-0.888,-0.357,-0.653,368
"phi_385_1",4145,7.167,0.855,1,1,1,1,0,0,0,1,0,0,0,0,0,0,0,0,0,0,0,0,0,0,0,1,0,0,0,0,0,0,0.693,-1.643,0,0,0,0,0,0,0.972,0.685,0.972,0.685,0.941,0.603,0.941,0.603,0.729,-0.481,-0.633,369
"phi_386_1",4150,6.5,0.985,0,1,1,1,0,0,0,0,0,0,0,0,0,0,0,0,0,0,0,0,0,0,0,1,0,0,0,0,1,0,0.693,-3.792,0,0,0,0,0,0,1,0.963,1,0.963,1,0.933,1,0.933,-1.111,-0.041,-0.619,370
"phi_387_1",4155,7.5,0.37,0,1,1,0,0,0,0,0,0,0,0,0,0,1,0,0,0,0,0,0,0,0,0,1,0,0,0,0,1,0,0.693,-2.965,7.338,0,0,0,0,0,0.991,0.856,0.991,0.856,0.973,0.827,0.973,0.827,-0.901,0.128,-0.564,371
"phi_388_1",4160,10,0.376,0,1,1,0,0,0,0,0,0,0,0,0,0,1,0,0,0,0,0,0,0,0,0,1,0,0,0,0,1,0,0.693,-3.168,7.116,0,0,0,0,0,1,0.846,1,0.846,1,0.815,1,0.815,-0.926,0.138,-0.579,372
"phi_389_1",4165,10,0.376,1,1,1,0,0,0,0,0,0,0,0,0,0,1,0,0,0,0,0,0,0,0,0,1,0,0,0,0,0,0,0.693,-2.252,6.064,0,0,0,0,0,1,0.947,1,0.947,1,0.908,1,0.908,0.757,-0.337,-0.567,373
"phi_390_1",4170,6.667,0.311,1,1,0,0,0,0,0,0,0,0,0,0,0,1,0,0,0,0,0,0,0,0,0,1,0,0,0,0,0,0,0.693,-1.352,7.206,0,0,0,0,0,0.906,0.552,0.906,0.552,0.867,0.441,0.867,0.441,0.863,-0.353,-0.569,374
"phi_392_1",4180,8.5,0.334,1,1,0,0,0,0,0,1,0,0,0,0,0,1,0,0,0,0,0,0,0,1,0,1,0,0,0,0,1,0,0.693,-2.541,6.999,0,0,0,0,0,0.98,0.805,0.98,0.805,0.941,0.721,0.941,0.721,0.729,0.124,-0.671,375
"phi_393_1",4185,9.2,0.373,1,1,1,0,0,0,0,0,0,0,0,0,0,1,0,0,0,0,0,0,0,0,0,1,0,0,0,0,0,0,0.693,-1.717,4.932,0,0,0,0,0,1,0.94,1,0.94,1,0.891,1,0.891,0.785,-0.332,-0.572,376
"phi_394_1",4190,10,0.376,0,1,0,0,0,0,0,1,0,0,0,0,0,1,0,0,0,0,0,0,0,1,0,1,0,0,0,0,1,0,0.693,-4.03,6.551,0,0,0,0,0,1,0.831,1,0.831,1,0.785,1,0.785,-1.033,0.125,-0.635,377
"phi_395_1",4195,8.2,0.989,0,1,1,0,0,0,0,0,0,0,0,1,0,1,0,0,0,0,0,0,0,0,0,1,0,0,0,0,0,0,0.693,-3.652,6.384,0,0,0,0,0,1,0.961,1,0.961,1,0.941,1,0.941,-1.07,-0.193,-0.579,378
"phi_396_1",4200,7.5,0.37,1,1,1,0,0,0,0,0,0,0,0,0,0,0,0,0,0,0,0,0,0,0,0,1,0,0,0,0,0,0,0.693,-2.166,6.693,0,0,0,0,0,1,0.934,1,0.934,1,0.907,1,0.907,0.773,-0.476,-0.586,379
"phi_397_1",4205,7.5,0.342,0,1,1,0,0,0,0,0,0,0,0,0,0,1,0,0,0,0,0,0,0,0,0,1,0,0,0,0,0,0,0.693,-2.246,6.601,0,0,0,0,0,0.933,0.73,0.933,0.73,0.908,0.708,0.908,0.708,-0.819,-0.325,-0.572,380
"phi_398_1",4210,8.5,0.377,0,1,1,1,0,0,0,1,0,0,0,0,0,1,0,0,0,0,1,0,0,0,0,1,0,0,0,0,0,0,0.693,-2.984,0,0,0,0,0,0,0.971,0.764,0.971,0.764,0.969,0.754,0.969,0.754,-0.921,-0.331,-0.623,381
"phi_399_1",4215,9.5,0.337,1,1,0,0,0,0,0,1,0,0,0,0,0,1,0,0,0,0,0,0,0,1,0,1,0,0,0,0,1,0,0.693,-2.607,6.964,0,0,0,0,0,0.99,0.747,0.99,0.747,0.971,0.706,0.971,0.706,0.718,0.138,-0.639,382
"phi_400_1",4220,2.652,0.959,1,1,1,0,1,0,0,0,1,0,0,0,0,2,0,0,0,0,0,0,0,0,0,1,0,1,0,0,0.4,0,2.197,0.369,6.742,0,0,1,1,0,0.99,0.798,0.99,0.798,0.938,0.544,0.938,0.544,0.969,0.684,-0.187,383
"phi_401_1",4225,7,0.943,0,1,1,1,0,0,0,1,0,0,0,0,0,1,0,0,0,0,0,0,0,0,0,1,0,0,0,0,0,0,0.693,-2.41,0,0,0,0,0,0,0.962,0.697,0.962,0.697,0.938,0.631,0.938,0.631,-0.931,-0.333,-0.629,384
"phi_402_1",4230,6.167,0.841,1,1,1,1,0,0,0,1,0,0,0,0,0,0,0,0,0,0,0,0,0,0,0,1,0,0,0,0,0,0,0.693,-1.54,0,0,0,0,0,0,0.981,0.687,0.981,0.687,0.971,0.603,0.971,0.603,0.747,-0.505,-0.614,385
"phi_403_1",4235,2.667,0.852,1,1,1,0,1,0,0,1,0,0,0,1,1,1,0,0,0,0,0,0,0,1,0,1,0,0,0,0,1,0,0.693,-1.616,0,0,0,1,1,0,0.98,0.668,0.98,0.668,0.941,0.588,0.941,0.588,0.734,0.644,-0.238,386
"phi_404_1",4240,6.667,0.269,1,1,1,1,0,0,0,1,0,0,0,0,0,1,0,0,0,0,0,0,0,0,0,1,0,0,0,0,1,0,0.693,-1.468,6.744,0,0,0,0,0,0.962,0.576,0.962,0.576,0.947,0.544,0.947,0.544,0.838,0.111,-0.644,387
"phi_405_1",4245,2.167,0.853,1,1,1,0,1,0,0,0,1,0,0,0,0,1,0,0,0,0,0,0,0,0,0,1,0,1,0,0,0,1,0.693,-1.637,7.169,0,0,1,1,1,0.938,0.641,0.938,0.641,0.938,0.641,0.938,0.641,0.736,0.743,0.65,388
"phi_406_1",4250,7.5,0.38,0,1,1,1,0,0,0,1,0,0,0,0,0,0,0,0,0,0,0,0,0,0,0,1,0,0,0,0,0,0,0.693,-3.081,6.54,0,0,0,0,0,1,0.885,1,0.885,1,0.862,1,0.862,-0.929,-0.529,-0.647,389
"phi_407_1",4255,2.667,0.859,1,1,1,1,1,0,0,0,1,2,0,0,0,1,0,0,0,0,0,0,0,0,0,1,0,0,0,0,1,0,0.693,-1.674,7.303,0,0,1,1,0,0.97,0.772,0.97,0.772,0.941,0.544,0.941,0.544,0.748,1.343,-0.223,390
"phi_408_1",4260,7.5,0.3,1,1,0,0,0,0,0,0,0,0,0,0,0,1,0,0,0,0,0,0,0,0,0,1,0,0,0,0,1,0,0.693,-2.01,7.139,0,0,0,0,0,0.847,0.561,0.847,0.561,0.813,0.492,0.813,0.492,0.787,0.113,-0.581,391
"phi_409_1",4270,7.167,0.129,1,0,1,1,0,0,0,1,0,0,0,0,0,0,0,0,0,0,0,0,0,0,0,1,0,0,0,0,0,0,0.693,-1.499,8.309,0,0,0,0,0,0.952,0.677,0.952,0.677,0.941,0.618,0.941,0.618,0.906,-0.522,-0.549,392
"phi_410_1",4275,7.667,0.976,0,1,1,1,0,0,0,1,0,0,0,0,0,1,0,0,0,0,0,0,0,0,0,1,0,0,0,0,0,0,0.693,-3.284,0,0,0,0,0,0,0.962,0.678,0.962,0.678,0.947,0.676,0.947,0.676,-1.048,-0.342,-0.64,393
"phi_411_1",4280,8,0.981,0,1,1,1,0,0,0,1,0,0,0,0,0,0,0,0,0,0,0,0,0,0,0,1,0,0,0,0,0,0,0.693,-3.533,5.855,0,0,0,0,0,1,0.904,1,0.904,1,0.877,1,0.877,-1.069,-0.493,-0.617,394
"phi_412_1",4285,7.5,0.981,0,1,1,1,0,0,0,1,0,0,0,0,0,0,0,0,0,0,0,0,0,0,0,1,0,0,0,0,0,0,0.693,-3.547,6.25,0,0,0,0,0,0.99,0.899,0.99,0.899,0.969,0.877,0.969,0.877,-1.055,-0.489,-0.625,395
"phi_413_1",4290,6,0.989,0,0,1,1,0,0,0,1,0,0,0,0,0,0,0,0,0,0,0,0,0,0,0,1,0,0,0,0,0,0,0.693,-4.093,6.947,0,0,0,0,0,0.99,0.909,0.99,0.909,0.969,0.892,0.969,0.892,-1.116,-0.464,-0.541,396
"phi_414_1",4295,1,0.999,0,0,0,0,1,0,0,1,0,0,0,0,0,1,1,1,0,0,0,0,0,0,0,0,0,0,0,0,0,0,0.693,-5.065,0,0,0,1,1,1,0.991,0.891,0.991,0.891,0.973,0.824,0.973,0.824,-1.24,-0.323,1.017,397
"phi_415_1",4300,2.167,0.858,1,1,1,0,1,0,0,1,1,0,0,0,0,1,0,0,0,0,0,0,0,1,0,1,0,0,0,0,0,1,0.693,-1.67,6.924,0,0,1,1,0,0.98,0.842,0.98,0.842,0.969,0.706,0.969,0.706,0.741,0.754,-0.244,398
"phi_416_1",4305,6.167,0.855,1,1,1,1,0,0,0,1,0,0,0,0,0,0,0,0,0,0,0,0,0,0,0,1,0,0,0,0,0,0,0.693,-1.645,7.009,0,0,0,0,0,0.981,0.687,0.981,0.687,0.971,0.632,0.971,0.632,0.732,-0.505,-0.627,399
"phi_417_1",4310,9,0.995,0,0,1,1,0,0,0,1,0,0,0,0,0,1,0,0,0,0,0,0,0,0,0,1,0,0,0,0,0,0,0.693,-4.872,6.534,0,0,0,0,0,1,0.904,1,0.904,1,0.877,1,0.877,-1.196,-0.336,-0.55,400
"phi_418_1",4315,8.5,0.995,0,0,1,1,0,0,0,1,0,0,0,0,0,1,0,0,0,0,0,0,0,0,0,1,0,0,0,0,0,0,0.693,-4.927,6.755,0,0,0,0,0,0.99,0.908,0.99,0.908,0.969,0.882,0.969,0.882,-1.209,-0.312,-0.545,401
"phi_419_1",4320,10,0.995,0,0,1,1,0,0,0,1,0,0,0,0,0,1,0,0,0,0,0,0,0,0,0,1,0,0,0,0,0,0,0.693,-4.817,6.339,0,0,0,0,0,1,0.908,1,0.908,1,0.892,1,0.892,-1.196,-0.342,-0.551,402
"phi_420_1",4325,7.167,0.995,0,1,1,0,0,0,0,1,0,0,0,0,0,0,0,0,0,0,0,0,0,1,0,1,0,0,0,0,0,0,0.693,-4.784,6.004,0,0,0,0,0,0.981,0.903,0.981,0.903,0.969,0.882,0.969,0.882,-1.199,-0.505,-0.655,403
"phi_421_1",4330,5,0.331,1,1,0,0,0,0,0,0,0,0,0,0,0,1,0,0,0,0,0,0,0,0,0,1,0,1,0,0,1,0,0.693,-2.47,8.147,0,0,0,0,0,0.866,0.586,0.866,0.586,0.838,0.515,0.838,0.515,0.759,0.147,-0.596,404
"phi_423_1",4340,7,0.957,0,1,1,0,0,0,0,0,0,0,0,0,0,1,0,0,0,0,0,0,0,0,0,1,0,0,0,0,0,0,0.693,-2.683,6.455,0,0,0,0,0,0.943,0.697,0.943,0.697,0.908,0.615,0.908,0.615,-0.967,-0.327,-0.575,405
"phi_424_1",4345,6.167,0.96,0,0,1,1,0,0,0,1,0,0,0,0,0,1,0,0,0,0,0,0,0,0,0,1,0,0,0,0,0,0,0.693,-2.756,0,0,0,0,0,0,0.981,0.73,0.981,0.73,0.969,0.662,0.969,0.662,-0.979,-0.343,-0.53,406
"phi_425_1",4350,9,0.362,0,1,1,0,0,0,0,0,0,0,0,0,0,1,0,0,0,0,0,0,0,0,0,1,0,0,0,0,1,0,0.693,-2.754,7.262,0,0,0,0,0,1,0.879,1,0.879,1,0.846,1,0.846,-0.88,0.167,-0.565,407
"phi_426_1",4370,8.5,0.989,0,1,0,0,1,0,0,0,0,0,0,0,0,1,0,0,0,0,0,0,0,0,0,1,0,0,0,0,0,0,0.693,-4.486,0,0,1,1,0,0,1,0.961,1,0.961,1,0.938,1,0.938,-1.166,-0.352,-0.435,408
"phi_427_1",4380,5.5,0.991,0,1,1,0,0,0,0,1,0,0,0,0,0,1,0,0,0,0,0,0,0,1,0,1,0,0,0,0,0,0,0.693,-4.59,0,0,0,0,0,0,1,0.898,1,0.898,1,0.853,1,0.853,-1.191,-0.357,-0.65,409
"phi_428_1",4400,2.944,0.964,1,1,1,0,1,0,0,0,1,0,0,0,0,3,0,0,0,0,0,0,0,0,0,0,0,1,0,0,0,1,2.197,0.153,6.857,0,1,1,0,0,0.99,0.78,0.99,0.78,0.938,0.544,0.938,0.544,0.972,1.077,-0.443,410
"phi_429_1",4405,6.5,0.971,0,1,1,0,0,0,0,1,0,0,0,0,0,0,0,0,0,0,0,0,0,1,0,1,0,0,0,0,0,0,0.693,-3.531,6.38,0,0,0,0,0,1,0.97,1,0.97,1,0.954,1,0.954,-1.049,-0.494,-0.648,411
"phi_430_1",4410,8,0.337,1,1,0,0,0,0,0,1,0,0,0,0,0,0,0,0,0,0,0,0,0,1,0,1,0,0,0,0,1,0,0.693,-3.013,7.053,0,0,0,0,0,0.94,0.707,0.94,0.707,0.938,0.706,0.938,0.706,0.674,-0.042,-0.665,412
"phi_431_1",4415,6,0.71,1,1,1,0,0,0,0,0,0,0,0,1,0,0,0,0,0,0,0,0,0,0,0,1,0,0,0,0,0,0,0.693,-1.403,7.703,0,0,0,0,0,0.759,0.27,0.759,0.27,0.723,0.246,0.723,0.246,0.798,-0.359,-0.58,413
"phi_432_1",4420,8,0.336,1,1,0,0,0,0,0,1,0,0,0,0,0,1,0,0,0,0,0,0,0,1,0,1,0,0,0,0,0,0,0.693,-3,7.116,0,0,0,0,0,0.955,0.707,0.955,0.707,0.941,0.676,0.941,0.676,0.678,-0.336,-0.648,414
"phi_433_1",4425,3,0.996,0,1,1,0,0,0,0,0,0,0,0,1,0,1,0,0,0,0,0,0,0,0,0,1,0,0,0,0,0,0,0.693,-5.699,0,0,0,0,0,0,0.983,0.642,0.983,0.642,0.966,0.593,0.966,0.593,-1.306,-0.197,-0.576,415
"phi_434_1",4430,7,0.995,0,0,1,1,0,0,0,1,0,0,0,0,0,0,0,0,0,0,0,0,0,0,0,1,0,0,0,0,1,0,0.693,-5.198,5.318,0,0,0,0,0,0.985,0.901,0.985,0.901,0.969,0.846,0.969,0.846,-1.234,-0.006,-0.542,416
"phi_435_1",4435,8,0.977,0,1,1,0,0,0,0,0,0,0,0,0,0,0,0,0,0,0,0,0,0,0,0,1,0,0,0,0,0,0,0.693,-3.775,6.509,0,0,0,0,0,1,0.963,1,0.963,1,0.956,1,0.956,-1.087,-0.478,-0.569,417
"phi_436_1",4440,8.5,0.336,1,1,0,0,0,0,0,1,0,0,0,0,0,0,0,0,0,0,0,0,0,1,0,1,0,0,0,0,1,0,0.693,-3.008,6.966,0,0,0,0,0,0.985,0.722,0.985,0.722,0.971,0.721,0.971,0.721,0.67,-0.042,-0.659,418
"phi_437_1",4445,8,0.336,1,1,0,0,0,0,0,0,0,0,0,0,0,1,0,0,0,0,0,0,0,0,0,1,0,0,0,0,1,0,0.693,-2.998,7.666,0,0,0,0,0,0.85,0.571,0.85,0.571,0.824,0.554,0.824,0.554,0.692,0.139,-0.573,419
"phi_438_1",4455,6.5,0.98,0,1,1,1,0,0,0,1,0,0,0,0,0,0,0,0,0,0,0,0,0,0,0,1,0,0,0,0,0,0,0.693,-3.918,7.192,0,0,0,0,0,1,0.848,1,0.848,1,0.814,1,0.814,-1.09,-0.497,-0.627,420
"phi_439_1",4460,6.25,0.984,0,1,0,0,0,0,0,1,0,0,0,0,0,0,0,0,0,0,0,0,0,1,0,1,0,0,0,0,0,0,0.693,-4.11,6.491,0,0,0,0,0,0.985,0.677,0.985,0.677,0.971,0.676,0.971,0.676,-1.121,-0.49,-0.664,421
"phi_440_1",4465,9,0.374,0,1,1,0,0,0,0,0,0,0,0,0,0,1,0,0,0,0,0,0,0,0,0,1,0,0,0,0,1,0,0.693,-3.579,7.246,0,0,0,0,0,1,0.849,1,0.849,1,0.815,1,0.815,-0.963,0.145,-0.593,422
"phi_441_1",4470,2,0.861,1,1,1,1,1,0,0,0,1,3,0,0,3,1,0,0,0,0,0,0,0,0,0,1,0,0,0,0,0,1,0.693,-2.104,7.235,0,0,1,1,0,0.985,0.851,0.985,0.851,0.971,0.794,0.971,0.794,0.687,2.864,-0.213,423
"phi_442_1",4475,9.5,0.558,1,1,1,0,0,0,0,1,0,0,0,0,0,0,0,0,0,0,1,0,0,0,0,0,0,0,0,0,0,0,1.099,-1.933,0,0,0,0,0,0,0.985,0.875,0.985,0.875,0.941,0.769,0.941,0.769,0.761,-0.474,-0.559,424
"phi_443_1",4480,8.5,0.375,0,1,1,0,0,0,0,0,0,0,0,0,0,1,0,0,0,0,0,0,0,0,0,1,0,0,0,0,0,0,0.693,-3.089,6.192,0,0,0,0,0,1,0.946,1,0.946,1,0.922,1,0.922,-0.925,-0.303,-0.568,425
"phi_444_1",4485,7,0.27,1,1,0,1,0,0,0,1,0,0,0,0,0,0,0,0,0,0,0,0,0,0,1,1,0,0,0,0,0,0,0.693,-2.051,7.161,0,0,0,0,0,1,0.662,1,0.662,1,0.647,1,0.647,0.77,-0.499,-0.55,426
"phi_445_1",4490,6.5,0.961,0,1,1,1,0,0,0,1,0,0,0,0,0,1,0,0,0,0,0,0,0,0,0,1,0,0,0,0,0,0,0.693,-3.187,0,0,0,0,0,0,0.969,0.709,0.969,0.709,0.938,0.609,0.938,0.609,-1.042,-0.316,-0.638,427
"phi_446_1",4500,7,0.854,1,1,1,0,0,0,0,1,0,0,0,0,0,1,0,0,0,0,0,0,0,1,0,1,0,0,0,0,0,0,0.693,-2.051,6.828,0,0,0,0,0,0.985,0.676,0.985,0.676,0.971,0.618,0.971,0.618,0.701,-0.279,-0.652,428
"phi_447_1",4505,5.5,0.859,1,1,1,0,0,0,0,1,0,0,0,0,0,1,0,0,0,0,0,0,0,1,0,1,0,0,0,0,0,0,0.693,-2.08,6.88,0,0,0,0,0,0.985,0.691,0.985,0.691,0.971,0.647,0.971,0.647,0.698,-0.318,-0.637,429
"phi_448_1",4510,6,0.986,0,1,1,0,0,0,0,1,0,0,0,0,0,0,0,0,0,0,0,0,0,1,0,1,0,0,0,0,0,0,0.693,-4.243,6.217,0,0,0,0,0,1,0.969,1,0.969,1,0.938,1,0.938,-1.145,-0.504,-0.638,430
"phi_449_1",4515,7.75,0.991,0,1,1,1,0,0,0,1,0,0,0,0,0,2,0,0,0,0,0,0,0,0,0,1,0,0,0,0,0,0,0.693,-4.599,6.686,0,0,0,0,0,0.985,0.676,0.985,0.676,0.969,0.662,0.969,0.662,-1.165,-0.174,-0.632,431
"phi_450_1",4525,4.5,0.331,1,1,0,0,0,0,0,0,0,0,0,0,0,1,0,0,0,0,0,0,0,0,0,1,0,1,0,0,1,0,0.693,-2.919,8.072,0,0,0,0,0,0.781,0.531,0.781,0.531,0.781,0.531,0.781,0.531,0.726,0.105,-0.579,432
"phi_451_1",4535,5,0.335,1,1,0,0,0,0,0,0,0,0,0,0,0,1,0,0,0,0,0,0,0,0,0,1,0,1,0,0,1,0,0.693,-2.979,7.772,0,0,0,0,0,0.821,0.542,0.821,0.542,0.765,0.515,0.765,0.515,0.688,0.118,-0.596,433
"phi_452_1",4540,7,0.34,1,1,0,0,0,0,0,0,0,0,0,0,0,1,0,0,0,0,0,0,0,0,0,1,0,1,0,0,1,0,0.693,-3.677,7.648,0,0,0,0,0,0.971,0.662,0.971,0.662,0.971,0.662,0.971,0.662,0.634,0.112,-0.608,434
"phi_453_1",4545,8.5,0.966,0,1,1,1,0,0,0,1,0,0,0,0,0,1,0,0,0,0,0,0,0,0,0,1,0,0,0,0,0,0,0.693,-4.042,5.905,0,0,0,0,0,1,0.838,1,0.838,1,0.838,1,0.838,-1.109,-0.352,-0.646,435
"phi_454_1",4550,5,0.383,0,0,0,0,1,0,0,0,0,0,0,0,0,0,0,0,0,0,0,0,0,0,0,1,0,0,0,0,0,0,0.693,-4.09,0,0,0,1,1,0,0.971,0.824,0.971,0.824,0.971,0.824,0.971,0.824,-1.044,-0.485,-0.07,436
"phi_455_1",4555,3,0.985,0,1,0,0,0,0,0,0,0,0,0,0,0,0,0,0,0,0,0,0,0,0,0,1,0,0,0,0,0,0,0.693,-5.065,6.221,0,0,0,0,0,1,0.838,1,0.838,1,0.838,1,0.838,-1.236,-0.483,-0.574,437
"phi_456_1",4560,2,0.847,1,1,0,0,0,0,0,1,0,2,0,0,3,0,0,0,0,0,1,0,0,0,0,1,0,0,0,0,0,0,0.693,-2.696,7.169,0,0,0,0,0,0.938,0.641,0.938,0.641,0.938,0.641,0.938,0.641,0.633,1.343,-0.553,438
"phi_457_1",4565,7.5,0.988,0,1,0,0,0,0,0,0,0,0,0,0,0,2,0,0,0,0,0,0,0,0,0,1,0,0,0,0,0,0,0.693,-5.167,6.567,0,0,0,0,0,1,0.912,1,0.912,1,0.912,1,0.912,-1.228,-0.147,-0.587,439
"phi_458_1",4570,7,0.268,1,1,0,0,0,0,0,0,0,0,0,0,0,1,0,0,0,0,0,0,0,0,0,1,0,0,0,0,0,0,0.693,-2.564,7.593,0,0,0,0,0,0.971,0.618,0.971,0.618,0.971,0.618,0.971,0.618,0.721,-0.332,-0.593,440
"phi_459_1",4575,9,0.98,0,1,1,1,0,0,0,1,0,0,0,0,0,1,0,0,0,0,0,0,0,0,0,1,0,0,0,0,0,0,0.693,-4.623,0,0,0,0,0,0,1,0.926,1,0.926,1,0.926,1,0.926,-1.178,-0.313,-0.617,441
"phi_460_1",4580,4.5,0.34,1,1,0,0,0,0,0,0,0,0,0,0,0,1,0,0,0,0,0,0,0,0,0,1,0,1,0,0,1,0,0.693,-3.677,7.954,0,0,0,0,0,0.794,0.618,0.794,0.618,0.794,0.618,0.794,0.618,0.63,0.144,-0.601,442
"phi_461_1",4590,5.5,0.988,0,1,0,0,0,0,0,1,0,0,0,0,0,0,0,0,0,0,0,0,0,1,0,1,0,0,0,0,0,0,0.693,-5.141,5.953,0,0,0,0,0,1,0.926,1,0.926,1,0.926,1,0.926,-1.229,-0.512,-0.651,443
"phi_462_1",4595,5,0.34,1,1,0,0,0,0,0,0,0,0,0,0,0,1,0,0,0,0,0,0,0,0,0,1,0,1,0,0,1,0,0.693,-3.683,8.123,0,0,0,0,0,0.765,0.515,0.765,0.515,0.765,0.515,0.765,0.515,0.63,0.13,-0.593,444
"phi_463_1",4600,8,0.384,0,1,1,0,0,0,0,0,0,0,0,0,0,1,0,0,0,0,0,0,0,0,0,1,0,0,0,0,0,0,0.693,-4.123,6.271,0,0,0,0,0,0.971,0.765,0.971,0.765,0.971,0.765,0.971,0.765,-1.036,-0.309,-0.58,445
"phi_464_1",4605,2,0.835,1,1,0,0,0,0,0,0,0,0,0,0,0,0,0,0,0,0,0,0,0,0,0,1,0,0,0,0,0,0,0.693,-2.605,7.67,0,0,0,0,0,0.794,0.368,0.794,0.368,0.794,0.368,0.794,0.368,0.667,-0.481,-0.59,446
"phi_465_1",4610,7.5,0.982,0,1,1,0,0,0,0,0,0,0,0,0,0,0,0,0,0,0,0,0,0,0,0,1,0,0,0,0,0,0,0.693,-4.725,6.509,0,0,0,0,0,1,0.971,1,0.971,1,0.971,1,0.971,-1.183,-0.476,-0.57,447
"phi_466_1",4615,5,0.381,0,1,1,1,0,0,0,1,0,0,0,0,0,0,0,0,0,0,0,0,0,0,0,1,0,0,0,0,0,0,0.693,-4.089,6.851,0,0,0,0,0,0.971,0.794,0.971,0.794,0.971,0.794,0.971,0.794,-1.023,-0.501,-0.639,448
"phi_467_1",4625,9.5,0.381,0,1,0,0,0,0,0,0,0,0,0,1,0,0,0,0,0,0,0,0,0,0,0,1,0,0,0,0,0,0,0.693,-4.03,6.762,0,0,0,0,0,0.971,0.824,0.971,0.824,0.971,0.824,0.971,0.824,-1.026,-0.371,-0.563,449
"phi_468_1",4630,6,0.988,0,1,1,0,0,0,0,1,0,0,0,0,0,0,0,0,0,0,0,0,0,1,0,1,0,0,0,0,0,0,0.693,-5.123,6.892,0,0,0,0,0,1,0.809,1,0.809,1,0.809,1,0.809,-1.209,-0.489,-0.646,450
"phi_469_1",4635,7,0.268,1,1,1,0,0,0,0,0,0,0,0,1,0,1,0,0,0,0,0,0,0,0,0,1,0,0,0,0,1,0,0.693,-2.463,7.286,0,0,0,0,0,0.941,0.574,0.941,0.574,0.941,0.574,0.941,0.574,0.753,0.256,-0.552,451
"phi_470_1",4640,5.5,0.887,0,0,1,1,0,0,0,1,0,0,0,0,0,2,0,0,0,0,0,0,0,0,0,0,0,0,0,0,0,0,0.693,-5.351,0,0,0,0,0,0,0.206,0,0.206,0,0.206,0,0.206,0,-1.263,-0.139,-0.527,452
"phi_471_1",4645,4.5,0.995,0,1,1,0,0,0,0,0,0,0,0,0,0,0,0,0,0,0,0,0,0,0,0,1,0,0,0,0,0,0,0.693,-5.941,7.848,0,0,0,0,0,0.971,0.735,0.971,0.735,0.971,0.735,0.971,0.735,-1.298,-0.476,-0.569,453
"phi_472_1",4650,7.5,0.98,0,1,1,1,0,0,0,1,0,0,0,0,0,0,0,0,0,0,0,0,0,0,0,1,0,0,0,0,0,0,0.693,-4.618,6.227,0,0,0,0,0,1,0.897,1,0.897,1,0.897,1,0.897,-1.19,-0.47,-0.632,454
"phi_473_1",4655,5.5,0.989,0,1,0,0,0,0,0,1,0,0,0,0,0,1,0,0,0,0,0,0,0,1,0,1,0,0,0,0,0,0,0.693,-5.212,7.923,0,0,0,0,0,1,0.721,1,0.721,1,0.721,1,0.721,-1.216,-0.317,-0.657,455
"phi_474_1",4660,7.5,0.34,1,1,0,0,0,0,0,1,0,0,0,0,0,1,0,0,0,0,0,0,0,1,0,1,0,0,0,0,1,0,0.693,-3.673,6.905,0,0,0,0,0,0.971,0.721,0.971,0.721,0.971,0.721,0.971,0.721,0.588,0.138,-0.661,456
"phi_475_1",4670,5.5,0.881,0,0,1,1,0,0,0,1,0,0,0,0,0,0,0,0,0,0,0,0,0,0,0,1,0,0,0,0,0,0,0.693,-4.707,0,0,0,0,0,0,0.962,0.687,0.962,0.687,0.886,0.643,0.886,0.643,-1.182,-0.452,-0.526,457
"phi_476_1",4675,2.5,0.831,1,1,1,0,0,0,0,1,0,0,0,0,0,1,0,0,0,0,1,0,0,0,0,1,0,0,0,0,0,0,0.693,-1.717,0,0,0,0,0,0,0.971,0.715,0.971,0.715,0.914,0.686,0.914,0.686,0.733,-0.325,-0.552,458
"phi_477_1",4680,8.5,0.78,0,1,1,0,0,0,0,1,0,0,0,0,0,1,0,0,0,0,0,0,0,1,0,1,0,0,0,0,0,0,0.693,-4.456,0,0,0,0,0,0,1,0.95,1,0.95,1,0.929,1,0.929,-1.141,-0.338,-0.656,459
"phi_478_1",4685,8.5,0.882,0,1,1,1,0,0,0,1,0,0,0,0,0,0,0,0,0,0,0,0,0,0,0,1,0,0,0,0,0,0,0.693,-5.801,6.317,0,0,0,0,0,0.99,0.911,0.99,0.911,0.971,0.895,0.971,0.895,-1.289,-0.5,-0.62,460
"phi_479_1",4690,3.5,0.998,0,1,1,0,0,0,0,0,0,0,0,0,0,0,0,0,0,0,0,0,0,0,0,1,0,0,0,0,0,0,0.693,-4.781,7.611,0,0,0,0,0,0.964,0.842,0.964,0.842,0.921,0.763,0.921,0.763,-1.167,-0.488,-0.584,461
"phi_480_1",4705,8.5,0.666,0,1,1,0,0,0,0,1,0,0,0,0,0,1,0,0,0,0,0,0,0,1,0,1,0,0,0,0,0,0,0.693,-4.88,6.133,0,0,0,0,0,0.982,0.865,0.982,0.865,0.971,0.842,0.971,0.842,-1.156,-0.331,-0.636,462
"phi_481_1",4710,8.5,0.654,0,1,1,0,0,0,0,0,0,0,0,0,0,1,0,0,0,0,0,0,0,0,0,1,0,0,0,0,0,0,0.693,-2.845,6.565,0,0,0,0,0,0.954,0.737,0.954,0.737,0.914,0.714,0.914,0.714,-0.937,-0.318,-0.565,463
"phi_482_1",4715,7.5,0.872,0,1,1,1,0,0,0,1,0,0,0,0,0,0,0,0,0,0,0,0,0,0,0,1,0,0,0,0,0,0,0.693,-3.014,6.258,0,0,0,0,0,0.973,0.718,0.973,0.718,0.971,0.633,0.971,0.633,-0.999,-0.495,-0.637,464
"phi_483_1",4720,4,0.88,0,1,1,1,0,0,0,1,0,0,0,1,0,0,0,0,0,0,0,0,0,0,0,1,0,0,0,0,0,0,0.693,-4.835,7.722,0,0,0,0,0,0.973,0.874,0.973,0.874,0.947,0.816,0.947,0.816,-1.173,-0.36,-0.633,465
"phi_484_1",4730,4,0.988,0,1,1,0,0,0,0,1,0,0,0,0,0,2,0,0,0,0,0,0,0,1,0,1,0,0,0,0,0,0,0.693,-2.891,0,0,0,0,0,0,0.981,0.905,0.981,0.905,0.943,0.871,0.943,0.871,-1.002,-0.167,-0.647,466
"phi_485_1",4740,7.5,0.383,0,1,1,0,0,0,0,1,0,0,0,0,0,2,0,0,0,0,0,0,0,1,0,1,0,0,0,0,0,0,0.693,-2.755,5.945,0,0,0,0,0,1,0.925,1,0.925,1,0.886,1,0.886,-0.9,-0.156,-0.648,467
"phi_486_1",4760,5,0.677,0,1,0,0,0,0,0,0,0,0,0,0,0,0,0,0,0,0,0,0,0,0,0,0,0,0,0,0,0,0,0.693,-2.677,7.436,0,0,0,0,0,0.776,0.493,0.776,0.493,0.714,0.456,0.714,0.456,-0.913,-0.481,-0.577,468
"phi_487_1",4770,4,0.992,0,1,1,0,0,0,0,1,0,0,0,0,0,0,0,0,0,0,1,0,0,1,0,0,0,0,0,0,0,0,0.693,-5.058,6.047,0,0,0,0,0,0.986,0.868,0.986,0.868,0.971,0.829,0.971,0.829,-1.231,-0.503,-0.618,469
"phi_488_1",4775,10,0.696,0,1,1,0,0,0,0,0,0,0,0,0,0,1,0,0,0,0,0,0,0,0,0,1,0,0,0,0,0,0,0.693,-3.041,6.354,0,0,0,0,0,1,0.965,1,0.965,1,0.957,1,0.957,-0.969,-0.321,-0.578,470
"phi_490_1",4780,0,0.879,0,1,1,0,0,0,0,1,0,0,0,0,0,0,0,0,0,0,0,0,0,1,0,1,0,0,0,0,0,0,0.693,-4.648,6.558,0,0,0,0,0,1,1,1,1,1,1,1,1,-1.171,-0.502,-0.673,471
"phi_491_1",4785,7.25,0.378,0,1,1,0,0,0,0,0,0,0,0,0,0,2,0,0,0,0,0,0,0,0,0,1,0,0,0,0,1,0,0.693,-4.668,0,0,0,0,0,0,1,0.971,1,0.971,1,0.943,1,0.943,-1.098,0.283,-0.565,472
"phi_492_1",4790,4,0.874,0,1,1,0,0,0,0,1,0,0,0,0,0,0,0,0,0,0,0,0,0,1,0,1,0,0,0,0,0,0,0.693,-4.36,7.125,0,0,0,0,0,0.931,0.644,0.931,0.644,0.914,0.643,0.914,0.643,-1.123,-0.496,-0.651,473
"phi_493_1",4795,7,0.884,0,1,1,0,0,0,0,0,0,0,0,0,0,0,0,0,0,0,0,0,0,0,0,0,0,0,0,0,0,0,0.693,-6.516,6.777,0,0,0,0,0,0.986,0.911,0.986,0.911,0.971,0.9,0.971,0.9,-1.346,-0.506,-0.579,474
"phi_494_1",4815,3.5,0.989,0,0,1,1,0,0,0,0,0,0,0,0,0,1,0,0,0,0,0,0,0,0,0,1,0,0,0,0,0,0,0.693,-3.405,6.888,0,0,0,0,0,0.987,0.789,0.987,0.789,0.974,0.763,0.974,0.763,-1.046,-0.368,-0.529,475
"phi_495_1",4820,8,0.985,0,1,1,1,0,0,0,1,0,0,0,0,0,0,0,0,0,0,0,0,0,1,0,1,0,0,0,0,0,0,0.693,-4.21,0,0,0,0,0,0,1,1,1,1,1,1,1,1,-1.154,-0.502,-0.689,476
"phi_496_1",4825,4,0.873,0,1,1,0,0,0,0,1,0,0,0,0,0,0,0,0,0,0,0,0,0,1,0,1,0,0,0,0,0,0,0.693,-4.201,7.684,0,0,0,0,0,0.919,0.748,0.919,0.748,0.895,0.724,0.895,0.724,-1.075,-0.497,-0.644,477
"phi_497_1",4830,9.5,0.69,0,1,1,0,0,0,0,1,0,0,0,0,0,0,0,0,0,0,0,0,0,1,0,1,0,0,0,0,1,0,0.693,-3.636,6.904,0,0,0,0,0,1,0.993,1,0.993,1,0.986,1,0.986,-1.028,-0.017,-0.631,478
"phi_498_1",4835,7,0.874,0,1,1,0,0,0,0,1,0,0,0,0,0,0,0,0,0,0,0,0,0,1,0,1,0,0,0,0,0,0,0.693,-4.491,6.868,0,0,0,0,0,1,0.774,1,0.774,1,0.771,1,0.771,-1.154,-0.442,-0.643,479
"phi_499_1",4850,8.5,0.254,0,1,1,0,0,0,0,0,0,0,0,0,0,1,0,0,0,0,0,0,0,0,0,1,0,0,0,0,0,0,0.693,-2.919,7.485,0,0,0,0,0,0.958,0.725,0.958,0.725,0.943,0.7,0.943,0.7,-0.861,-0.347,-0.582,480
"phi_500_1",4855,8.5,0.254,0,1,1,0,0,0,0,0,0,0,0,0,0,0,0,0,0,0,0,0,0,0,0,1,0,0,0,0,0,0,0.693,-3.221,6.829,0,0,0,0,0,0.971,0.851,0.971,0.851,0.943,0.729,0.943,0.729,-0.916,-0.511,-0.567,481
"phi_501_1",4860,3.5,0.881,0,1,1,1,0,0,0,1,0,0,0,0,0,0,0,0,0,0,0,0,0,0,0,1,0,0,0,0,0,0,0.693,-5.462,7.846,0,0,0,0,0,0.914,0.771,0.914,0.771,0.914,0.771,0.914,0.771,-1.225,-0.498,-0.635,482
"phi_502_1",4865,2,0.777,1,1,0,0,1,0,0,0,0,0,1,1,0,3,0,0,0,0,0,0,0,0,0,0,0,1,0,0,1,0,0.693,-2.873,0,0,0,1,1,1,0.914,0.686,0.914,0.686,0.914,0.686,0.914,0.686,0.591,1.094,0.618,483
"phi_503_1",4875,5.5,0.768,1,1,1,0,0,0,0,1,0,0,0,0,0,1,0,0,0,0,0,0,0,1,0,1,0,0,0,0,0,0,0.693,-2.665,0,0,0,0,0,0,0.914,0.686,0.914,0.686,0.914,0.686,0.914,0.686,0.632,-0.316,-0.653,484
"phi_504_1",4880,7.5,0.865,0,1,1,0,0,0,0,0,0,0,0,1,0,1,0,0,0,0,0,0,0,0,0,1,0,0,0,0,0,0,0.693,-3.876,0,0,0,0,0,0,0.943,0.743,0.943,0.743,0.943,0.743,0.943,0.743,-1.091,-0.194,-0.577,485
"phi_505_1",4885,2,0.777,1,1,1,0,0,0,0,1,0,0,0,0,0,0,0,0,0,0,0,0,0,1,0,1,0,0,0,0,0,0,0.693,-2.897,0,0,0,0,0,0,0.971,0.786,0.971,0.786,0.971,0.786,0.971,0.786,0.617,-0.47,-0.647,486
"phi_506_1",4890,2,0.778,1,1,1,0,1,0,0,0,0,0,0,0,3,0,0,0,0,0,0,0,0,0,0,1,0,0,0,0,1,0,0.693,-2.905,6.394,0,0,1,1,1,0.971,0.743,0.971,0.743,0.971,0.743,0.971,0.743,0.601,1.173,0.681,487
"phi_507_1",4900,5,0.992,0,1,0,0,1,0,0,0,0,0,0,0,0,0,0,0,0,0,0,0,0,0,0,0,0,0,0,0,0,0,0.693,-4.595,0,0,0,1,1,1,1,1,1,1,1,1,1,1,-1.172,-0.497,0.678,488
"phi_508_1",4905,4,0.86,0,1,1,0,0,0,0,0,0,0,0,0,0,0,0,0,0,0,0,0,0,0,0,1,0,0,0,0,0,0,0.693,-4.349,7.755,0,0,0,0,0,1,0.786,1,0.786,1,0.742,1,0.742,-1.112,-0.464,-0.568,489
"phi_511_1",4930,5.75,0.999,0,1,0,0,0,0,0,1,0,0,0,0,0,0,0,0,0,0,1,0,0,0,0,0,0,0,0,0,0,0,0.693,-6.041,0,0,0,0,0,0,0.941,0.726,0.941,0.726,0.91,0.701,0.91,0.701,-1.338,-0.489,-0.559,490
"phi_512_1",4940,3,0.703,1,1,0,0,0,0,0,0,0,0,0,0,0,0,0,0,0,0,0,0,0,0,0,1,0,0,0,0,0,0,0.693,-2.818,0,0,0,0,0,0,0.94,0.761,0.94,0.761,0.94,0.761,0.94,0.761,0.617,-0.507,-0.565,491
"phi_513_1",4945,1,0.989,0,0,1,0,1,0,0,0,1,0,0,0,0,3,0,0,0,0,0,0,0,0,0,0,0,0,0,0,1,0,2.398,-2.456,6.552,0,0,1,1,1,0.995,0.966,0.995,0.966,0.94,0.896,0.94,0.896,-0.922,1.123,0.761,492
